,順位,コード,名称,市場,時価総額,上場年月日,取引値,決算年月
0,1,130A,(株)Ｖｅｒｉｔａｓ　Ｉｎ　Ｓｉｌｉｃｏ,東証GRT,16843,2024-02-08,2673.0,2022/12
1,2,5871,ＳＯＬＩＺＥ(株),東証STD,22380,2024-02-07,3730.0,2022/12
2,3,5892,(株)ｙｕｔｏｒｉ,東証GRT,4432,2023-12-27,2831.0,2023/03
3,4,5870,(株)ナルネットコミュニケーションズ,東証GRT,4794,2023-12-25,899.0,2023/03
4,5,5621,(株)ヒューマンテクノロジーズ,東証GRT,12807,2023-12-22,1335.0,2023/03
5,6,5869,(株)早稲田学習研究会,東証STD,11661,2023-12-22,1142.0,2023/03
6,7,5619,マーソ(株),東証GRT,7532,2023-12-21,2120.0,2022/12
7,8,5618,ナイル(株),東証GRT,9884,2023-12-20,1158.0,2022/12
8,9,5868,(株)ロココ,東証STD,4006,2023-12-20,1082.0,2022/12
9,10,5867,(株)エスネットワークス,東証GRT,3959,2023-12-19,1299.0,2023/12
10,11,5616,(株)雨風太陽,東証GRT,3606,2023-12-18,1493.0,2022/12
11,12,5599,Ｓ＆Ｊ(株),東証GRT,6426,2023-12-15,1142.0,2023/03
12,13,5891,(株)魁力屋,東証STD,13846,2023-12-15,2522.0,2022/12
13,14,5596,アウトルックコンサルティング(株),東証GRT,4384,2023-12-12,1228.0,2023/03
14,15,5597,ブルーイノベーション(株),東証GRT,5645,2023-12-12,1433.0,2022/12
15,16,5595,(株)ＱＰＳ研究所,東証GRT,104580,2023-12-06,2878.0,2023/05
16,17,4197,(株)アスマーク,東証STD,2825,2023-12-04,2604.0,2023/11
17,18,9238,バリュークリエーション(株),東証GRT,2364,2023-11-22,2055.0,2023/02
18,19,5889,Ｊａｐａｎ　Ｅｙｅｗｅａｒ　Ｈｏｌｄｉｎｇｓ(株),東証STD,34240,2023-11-16,1430.0,2023/01
19,20,5888,ＤＡＩＷＡ　ＣＹＣＬＥ(株),東証GRT,5910,2023-11-08,2169.0,2023/01
20,21,4811,(株)ドリーム・アーツ,東証GRT,14678,2023-10-27,3620.0,2022/12
21,22,9237,(株)笑美面,東証GRT,4973,2023-10-26,2481.0,2023/10
22,23,5845,全保連(株),東証STD,25643,2023-10-25,1115.0,2023/03
23,24,6525,(株)ＫＯＫＵＳＡＩ　ＥＬＥＣＴＲＩＣ,東証PRM,1062354,2023-10-25,4580.0,2023/03
24,25,9236,ジャパンＭ＆Ａソリューション(株),東証GRT,6049,2023-10-24,4100.0,2023/10
25,26,9235,(株)売れるネット広告社,東証GRT,13817,2023-10-23,4005.0,2023/07
26,27,4896,(株)ケイファーマ,東証GRT,7392,2023-10-17,637.0,2022/12
27,28,9170,成友興業(株),名証MN,3825,2023-10-13,2970.0,2023/09
28,29,5592,(株)くすりの窓口,東証GRT,17480,2023-10-04,1592.0,2023/03
29,30,9331,(株)キャスター,東証GRT,2486,2023-10-04,1268.0,2023/08
30,31,5843,ニッポンインシュア(株),東証STD,2610,2023-10-03,934.0,2023/09
31,32,6223,(株)西部技研,東証STD,31140,2023-10-03,1519.0,2022/12
32,33,5535,ミガロホールディングス(株),東証PRM,10227,2023-10-02,1398.0,---
33,34,5844,(株)京都フィナンシャルグループ,東証PRM,723975,2023-10-02,2386.5,---
34,35,6209,リケンＮＰＲ(株),東証PRM,79527,2023-10-02,2826.0,---
35,36,9332,ＮＩＳＳＯホールディングス(株),東証PRM,27730,2023-10-02,815.0,---
36,37,2938,(株)オカムラ食品工業,東証STD,27409,2023-09-27,3405.0,2023/06
37,38,5591,(株)ＡＶＩＬＥＮ,東証GRT,13104,2023-09-27,2166.0,2022/12
38,39,5589,(株)オートサーバー,東証STD,13163,2023-09-26,1871.0,2022/12
39,40,5590,(株)ネットスターズ,東証GRT,14409,2023-09-26,864.0,2022/12
40,41,6228,(株)ジェイ・イー・ティ,東証STD,51231,2023-09-25,11410.0,2023/12
41,42,3958,笹徳印刷(株),東証STD,3779,2023-09-22,611.0,2023/06
42,43,5588,ファーストアカウンティング(株),東証GRT,9579,2023-09-22,1816.0,2022/12
43,44,9330,(株)揚羽,東証GRT,1366,2023-09-21,963.0,2023/09
44,45,5842,インテグラル(株),東証GRT,104925,2023-09-20,3000.0,2022/12
45,46,9168,(株)ライズ・コンサルティング・グループ,東証GRT,25988,2023-09-12,1064.0,2023/02
46,47,5587,(株)インバウンドプラットフォーム,東証GRT,5933,2023-08-30,1722.0,2023/09
47,48,6224,(株)ＪＲＣ,東証GRT,9974,2023-08-09,787.0,2023/02
48,49,5586,(株)Ｌａｂｏｒｏ．ＡＩ,東証GRT,12559,2023-07-31,793.0,2023/09
49,50,9165,(株)クオルテック,東証GRT,3415,2023-07-28,1453.0,2023/06
50,51,9166,(株)ＧＥＮＤＡ,東証GRT,115065,2023-07-28,3355.0,2023/01
51,52,2962,(株)テクニスコ,東証STD,5887,2023-07-26,643.0,2023/06
52,53,5585,エコナビスタ(株),東証GRT,18141,2023-07-26,2831.0,2023/10
53,54,9164,(株)トライト,東証GRT,60800,2023-07-24,608.0,2022/12
54,55,9163,(株)ナレルグループ,東証GRT,30178,2023-07-21,3580.0,2023/10
55,56,5582,(株)グリッド,東証GRT,16442,2023-07-07,3510.0,2023/06
56,57,9162,(株)ブリーチ,東証GRT,13147,2023-07-05,516.0,2023/06
57,58,7409,ＡｅｒｏＥｄｇｅ(株),東証GRT,11061,2023-07-04,2894.0,2023/06
58,59,9161,ＩＤ＆Ｅホールディングス(株),東証PRM,54814,2023-07-03,3635.0,---
59,60,5884,(株)クラダシ,東証GRT,3735,2023-06-30,347.0,2023/06
60,61,5885,(株)ジーデップ・アドバンス,東証STD,10656,2023-06-30,8030.0,2023/05
61,62,9160,(株)ノバレーゼ,東証STD,7500,2023-06-30,300.0,2022/12
62,63,9159,(株)Ｗ　ＴＯＫＹＯ,東証GRT,8350,2023-06-29,3095.0,2023/06
63,64,4893,ノイルイミューン・バイオテック(株),東証GRT,8266,2023-06-28,191.0,2022/12
64,65,5580,(株)プロディライト,東証GRT,1806,2023-06-28,1106.0,2023/08
65,66,4894,クオリプス(株),東証GRT,20180,2023-06-27,2555.0,2023/03
66,67,5533,(株)エリッツホールディングス,東証STD,6372,2023-06-27,1900.0,2023/09
67,68,5579,(株)ＧＳＩ,札証,2490,2023-06-27,1245.0,2023/03
68,69,7075,(株)ＱＬＳホールディングス,名証NXT,2020,2023-06-26,912.0,2023/03
69,70,9225,ブリッジコンサルティンググループ(株),東証GRT,3365,2023-06-26,1652.0,2023/09
70,71,5578,ＡＲアドバンストテクノロジ(株),東証GRT,7930,2023-06-23,2400.0,2023/08
71,72,5532,(株)リアルゲイト,東証GRT,4510,2023-06-22,1610.0,2023/09
72,73,5577,(株)アイデミー,東証GRT,7414,2023-06-22,1866.0,2023/05
73,74,5576,(株)オービーシステム,東証STD,6157,2023-06-21,2601.0,2023/03
74,75,9158,(株)シーユーシー,東証GRT,80584,2023-06-21,2687.0,2023/03
75,76,5575,(株)Ｇｌｏｂｅｅ,東証GRT,6222,2023-06-14,1245.0,2023/05
76,77,5574,(株)ＡＢＥＪＡ,東証GRT,39919,2023-06-13,4510.0,2023/08
77,78,5572,(株)Ｒｉｄｇｅ－ｉ,東証GRT,10434,2023-04-26,2750.0,2023/07
78,79,7330,レオス・キャピタルワークス(株),東証GRT,16078,2023-04-25,1248.0,2023/03
79,80,5838,楽天銀行(株),東証PRM,403054,2023-04-21,2310.0,2023/03
80,81,4040,南海化学(株),東証STD,10953,2023-04-20,4700.0,2023/03
81,82,5571,エキサイトホールディングス(株),東証STD,4332,2023-04-19,878.0,2023/03
82,83,5570,(株)ジェノバ,東証GRT,12636,2023-04-18,876.0,2023/09
83,84,5530,日本システムバンク(株),名証MN,1784,2023-04-14,1558.0,2023/06
84,85,9348,(株)ｉｓｐａｃｅ,東証GRT,81117,2023-04-12,986.0,2023/03
85,86,5258,(株)トランザクション・メディア・ネットワークス,東証GRT,25630,2023-04-04,694.0,2023/03
86,87,5259,ＢＢＤイニシアティブ(株),東証GRT,3007,2023-04-03,570.0,2023/09
87,88,9347,日本管財ホールディングス(株),東証PRM,105916,2023-04-03,2572.0,---
88,89,5256,(株)Ｆｕｓｉｃ,東証GRT,4650,2023-03-31,3710.0,2023/06
89,90,6225,(株)エコム,名証MN,2307,2023-03-31,1094.0,2023/07
90,91,9346,(株)ココルポート,東証GRT,8579,2023-03-31,2373.0,2023/06
91,92,5257,ノバシステム(株),東証STD,3421,2023-03-30,2439.0,2022/12
92,93,9345,ビズメイツ(株),東証GRT,2220,2023-03-30,1404.0,2022/12
93,94,5027,ＡｎｙＭｉｎｄ　Ｇｒｏｕｐ(株),東証GRT,55699,2023-03-29,955.0,2022/12
94,95,7163,住信ＳＢＩネット銀行(株),東証STD,250619,2023-03-29,1662.0,2023/03
95,96,5254,(株)Ａｒｅｎｔ,東証GRT,32792,2023-03-28,5290.0,2023/06
96,97,5255,(株)モンスターラボホールディングス,東証GRT,10813,2023-03-28,315.0,2022/12
97,98,9344,アクシスコンサルティング(株),東証GRT,6135,2023-03-28,1230.0,2023/06
98,99,5253,カバー(株),東証GRT,155194,2023-03-27,2539.0,2023/03
99,100,5252,日本ナレッジ(株),東証GRT,2119,2023-03-23,1540.0,2023/03
100,101,7119,(株)ハルメクホールディングス,東証GRT,13906,2023-03-23,1277.0,2023/03
101,102,9343,(株)アイビス,東証GRT,6816,2023-03-23,1875.0,2022/12
102,103,7120,(株)ＳＨＩＮＫＯ,東証STD,4134,2023-03-22,2254.0,2023/03
103,104,5250,プライム・ストラテジー(株),東証STD,4974,2023-02-22,1431.0,2023/11
104,105,5248,(株)テクノロジーズ,東証GRT,12664,2023-01-26,4490.0,2023/01
105,106,9342,(株)スマサポ,東証GRT,2958,2022-12-29,1230.0,2023/09
106,107,5246,(株)ＥＬＥＭＥＮＴＳ,東証GRT,12807,2022-12-27,583.0,2023/11
107,108,5247,(株)ＢＴＭ,東証GRT,2991,2022-12-27,2116.0,2023/03
108,109,5075,アップコン(株),名証NXT,1897,2022-12-26,1351.0,2023/01
109,110,7115,(株)アルファパーチェス,東証STD,10587,2022-12-26,1100.0,2022/12
110,111,7116,ダイワ通信(株),東証STD,3617,2022-12-26,1336.0,2023/03
111,112,9340,(株)アソインターナショナル,東証STD,3169,2022-12-23,652.0,2023/06
112,113,9341,(株)ＧＥＮＯＶＡ,東証GRT,26051,2022-12-23,1465.0,2023/03
113,114,5244,(株)ｊｉｇ．ｊｐ,東証GRT,14298,2022-12-22,340.0,2023/03
114,115,5836,(株)エージェント・インシュアランス・グループ,名証MN,2314,2022-12-22,996.0,2022/12
115,116,9339,(株)コーチ・エィ,東証STD,3259,2022-12-22,1404.0,2023/12
116,117,2937,(株)サンクゼール,東証GRT,19935,2022-12-21,2164.0,2023/03
117,118,5242,(株)アイズ,東証GRT,1571,2022-12-21,1555.0,2022/12
118,119,5243,ｎｏｔｅ(株),東証GRT,8286,2022-12-21,540.0,2023/11
119,120,5240,ｍｏｎｏＡＩ　ｔｅｃｈｎｏｌｏｇｙ(株),東証GRT,6547,2022-12-20,632.0,2022/12
120,121,9338,(株)ＩＮＦＯＲＩＣＨ,東証GRT,41834,2022-12-20,4460.0,2022/12
121,122,9337,(株)トリドリ,東証GRT,8856,2022-12-19,2860.0,2022/12
122,123,5138,(株)Ｒｅｂａｓｅ,東証GRT,4446,2022-12-16,965.0,2023/03
123,124,5139,オープンワーク(株),東証GRT,19962,2022-12-16,936.0,2022/12
124,125,7114,(株)フーディソン,東証GRT,7768,2022-12-16,1740.0,2023/03
125,126,5137,(株)スマートドライブ,東証GRT,13321,2022-12-15,2144.0,2023/09
126,127,9204,スカイマーク(株),東証GRT,61295,2022-12-14,1016.0,2023/03
127,128,9336,大栄環境(株),東証PRM,265016,2022-12-14,2653.0,2023/03
128,129,5527,(株)ｐｒｏｐｅｒｔｙ　ｔｅｃｈｎｏｌｏｇｉｅｓ,東証GRT,4287,2022-12-13,1032.0,2023/11
129,130,4892,(株)サイフューズ,東証GRT,5715,2022-12-01,724.0,2022/12
130,131,9565,ＧＬＯＥ(株),東証GRT,6401,2022-11-30,2341.0,2023/10
131,132,5136,ｔｒｉｐｌａ(株),東証GRT,13049,2022-11-25,2270.0,2023/10
132,133,4891,(株)ティムス,東証GRT,11435,2022-11-22,284.0,2023/02
133,134,2936,ベースフード(株),東証GRT,21664,2022-11-15,408.0,2023/02
134,135,5134,(株)ＰＯＰＥＲ,東証GRT,2373,2022-11-15,605.0,2023/10
135,136,5133,(株)テリロジーホールディングス,東証STD,4945,2022-11-01,289.0,2023/03
136,137,5132,(株)ｐｌｕｓｚｅｒｏ,東証GRT,17490,2022-10-28,6880.0,2023/10
137,138,9564,(株)ＦＣＥ,東証STD,7491,2022-10-27,2399.0,2023/09
138,139,5131,リンカーズ(株),東証GRT,2529,2022-10-26,184.0,2023/07
139,140,9563,Ａｔｌａｓ　Ｔｅｃｈｎｏｌｏｇｉｅｓ(株),東証GRT,3118,2022-10-26,423.0,2022/12
140,141,9562,ビジネスコーチ(株),東証GRT,1547,2022-10-20,1400.0,2023/09
141,142,5834,ＳＢＩリーシングサービス(株),東証GRT,25275,2022-10-19,3250.0,2023/03
142,143,6526,(株)ソシオネクスト,東証PRM,671602,2022-10-12,3768.0,2023/03
143,144,7112,(株)キューブ,東証GRT,5710,2022-10-07,940.0,2022/12
144,145,5129,(株)ＦＩＸＥＲ,東証GRT,19580,2022-10-06,1326.0,2023/08
145,146,5830,(株)いよぎんホールディングス,東証PRM,338011,2022-10-03,1078.5,2023/03
146,147,5831,(株)しずおかフィナンシャルグループ,東証PRM,819181,2022-10-03,1400.0,2023/03
147,148,5832,(株)ちゅうぎんフィナンシャルグループ,東証PRM,199368,2022-10-03,1079.0,2023/03
148,149,7111,ＩＮＥＳＴ(株),東証STD,8658,2022-10-03,79.0,2023/03
149,150,7389,(株)あいちフィナンシャルグループ,東証PRM,126447,2022-10-03,2574.0,2023/03
150,151,7795,(株)ＫＹＯＲＩＴＳＵ,東証STD,9699,2022-10-01,197.0,2023/03
151,152,5127,(株)グッピーズ,東証GRT,11997,2022-09-30,3240.0,2023/08
152,153,5126,ポーターズ(株),東証GRT,3288,2022-09-29,2091.0,2023/12
153,154,9560,(株)プログリット,東証GRT,16063,2022-09-29,1339.0,2023/08
154,155,5039,(株)キットアライブ,札幌ア,1616,2022-09-28,1290.0,2022/12
155,156,5125,(株)ファインズ,東証GRT,2652,2022-09-28,580.0,2023/06
156,157,9561,(株)グラッドキューブ,東証GRT,5187,2022-09-28,632.0,2022/12
157,158,7388,(株)ＦＰパートナー,東証PRM,149644,2022-09-22,6450.0,2023/11
158,159,5038,(株)ｅＷｅＬＬ,東証GRT,27649,2022-09-16,1848.0,2022/12
159,160,9558,ジャパニアス(株),東証GRT,14580,2022-09-13,3645.0,2023/11
160,161,2935,(株)ピックルスホールディングス,東証PRM,16652,2022-09-01,1295.0,2023/02
161,162,7110,(株)クラシコム,東証GRT,10650,2022-08-05,1445.0,2023/07
162,163,5036,日本ビジネスシステムズ(株),東証STD,75065,2022-08-02,1552.0,2023/09
163,164,9557,(株)エアークローゼット,東証GRT,3272,2022-07-29,399.0,2023/06
164,165,5034,(株)ｕｎｅｒｒｙ,東証GRT,7715,2022-07-28,2070.0,2023/06
165,166,5035,ＨＯＵＳＥＩ(株),東証GRT,3611,2022-07-28,509.0,2022/12
166,167,9556,ＩＮＴＬＯＯＰ(株),東証GRT,15295,2022-07-08,3305.0,2023/07
167,168,9554,(株)ＡＶｉＣ,東証GRT,5329,2022-06-30,869.0,2023/09
168,169,9553,(株)マイクロアド,東証GRT,17233,2022-06-29,626.0,2023/09
169,170,5033,(株)ヌーラボ,東証GRT,8024,2022-06-28,1243.0,2023/03
170,171,9552,(株)Ｍ＆Ａ総研ホールディングス,東証PRM,368966,2022-06-28,6300.0,2023/09
171,172,7794,(株)イーディーピー,東証GRT,16472,2022-06-27,1254.0,2023/03
172,173,9229,(株)サンウェルズ,東証GRT,85127,2022-06-27,2417.0,2023/03
173,174,9227,マイクロ波化学(株),東証GRT,21884,2022-06-24,1407.0,2023/03
174,175,2999,ホームポジション(株),東証STD,1905,2022-06-23,318.0,2023/08
175,176,4890,(株)坪田ラボ,東証GRT,6957,2022-06-23,272.0,2023/03
176,177,7386,ジャパンワランティサポート(株),東証GRT,11771,2022-06-23,5110.0,2023/09
177,178,2984,ヤマイチ・ユニハイムエステート(株),東証STD,6911,2022-06-20,962.0,2023/03
178,179,5032,ＡＮＹＣＯＬＯＲ(株),東証PRM,201351,2022-06-08,3195.0,2023/04
179,180,5026,(株)トリプルアイズ,東証GRT,5130,2022-05-31,695.0,2023/08
180,181,2998,クリアル(株),東証GRT,30552,2022-04-28,5230.0,2023/03
181,182,7140,ペットゴー(株),東証GRT,1713,2022-04-28,922.0,2023/03
182,183,2997,(株)ストレージ王,東証GRT,1021,2022-04-27,553.0,2023/01
183,184,5031,モイ(株),東証GRT,3212,2022-04-27,230.0,2023/01
184,185,9221,フルハシＥＰＯ(株),東証STD,10549,2022-04-21,897.0,2023/03
185,186,9223,(株)ＡＳＮＯＶＡ,東証GRT,6816,2022-04-21,1096.0,2023/03
186,187,5029,サークレイス(株),東証GRT,2252,2022-04-12,527.0,2023/03
187,188,9220,エフビー介護サービス(株),東証STD,3040,2022-04-07,1136.0,2023/03
188,189,5028,セカンドサイトアナリティカ(株),東証GRT,5207,2022-04-04,621.0,2023/03
189,190,7384,(株)プロクレアホールディングス,東証PRM,53076,2022-04-01,1852.0,2023/03
190,191,5079,(株)ノバック,東証STD,17299,2022-03-31,3325.0,2023/04
191,192,9219,(株)ギックス,東証GRT,5213,2022-03-30,934.0,2023/06
192,193,9218,(株)メンタルヘルステクノロジーズ,東証GRT,8672,2022-03-28,858.0,2022/12
193,194,7138,(株)ＴＯＲＩＣＯ,東証GRT,1168,2022-03-23,928.0,2023/03
194,195,6226,守谷輸送機工業(株),東証STD,20604,2022-03-17,1178.0,2023/03
195,196,5078,(株)セレコーポレーション,東証STD,11820,2022-03-11,3385.0,2023/02
196,197,7793,(株)イメージ・マジック,東証GRT,4303,2022-03-03,1860.0,2023/04
197,198,9216,ビーウィズ(株),東証PRM,25579,2022-03-02,1830.0,2023/05
198,199,5025,(株)マーキュリーリアルテックイノベーター,東証GRT,1460,2022-02-25,532.0,2023/02
199,200,4270,(株)ＢｅｅＸ,東証GRT,8064,2022-02-24,3625.0,2023/02
200,201,9215,(株)ＣａＳｙ,東証GRT,1756,2022-02-22,928.0,2023/11
201,202,4268,エッジテクノロジー(株),東証GRT,7126,2022-02-17,664.0,2023/04
202,203,4267,(株)ライトワークス,東証GRT,4884,2022-02-09,988.0,2023/01
203,204,9213,(株)セイファート,東証STD,1416,2022-02-04,1072.0,2022/12
204,205,9214,Ｒｅｃｏｖｅｒｙ　Ｉｎｔｅｒｎａｔｉｏｎａｌ(株),東証GRT,2855,2022-02-03,2019.0,2022/12
205,206,7135,ジャパンクラフトホールディングス(株),東証STD,5063,2022-01-04,166.0,2023/06
206,207,9147,ＮＩＰＰＯＮ　ＥＸＰＲＥＳＳホールディングス(株),東証PRM,772268,2022-01-04,8524.0,2022/12
207,208,4265,Ｉｎｓｔｉｔｕｔｉｏｎ　ｆｏｒ　ａ　Ｇｌｏｂａｌ　Ｓｏｃｉｅ(株),東証GRT,2357,2021-12-29,523.0,2023/03
208,209,4261,アジアクエスト(株),東証GRT,2817,2021-12-27,1917.0,2022/12
209,210,4264,(株)セキュア,東証GRT,6657,2021-12-27,1403.0,2022/12
210,211,2993,(株)長栄,東証STD,9649,2021-12-24,2157.0,2023/03
211,212,4262,ニフティライフスタイル(株),東証GRT,5899,2021-12-24,927.0,2023/03
212,213,4263,サスメド(株),東証GRT,10345,2021-12-24,620.0,2023/06
213,214,9211,(株)エフ・コード,東証GRT,16268,2021-12-24,3085.0,2022/12
214,215,9212,Ｇｒｅｅｎ　Ｅａｒｔｈ　Ｉｎｓｔｉｔｕｔｅ(株),東証GRT,6868,2021-12-24,609.0,2023/09
215,216,9258,(株)ＣＳ－Ｃ,東証GRT,2494,2021-12-24,378.0,2023/09
216,217,9259,(株)タカヨシ,東証GRT,4514,2021-12-24,812.0,2023/09
217,218,4125,三和油化工業(株),東証STD,12211,2021-12-23,2828.0,2023/03
218,219,4259,(株)エクサウィザーズ,東証GRT,35789,2021-12-23,422.0,2023/03
219,220,4260,(株)ハイブリッドテクノロジーズ,東証GRT,6604,2021-12-23,585.0,2023/09
220,221,7134,(株)アップガレージグループ,東証STD,5268,2021-12-23,667.0,2023/03
221,222,4255,ＴＨＥＣＯＯ(株),東証GRT,1030,2021-12-22,496.0,2022/12
222,223,4256,(株)サインド,東証GRT,4576,2021-12-22,789.0,2023/03
223,224,4258,(株)網屋,東証GRT,10880,2021-12-22,2541.0,2022/12
224,225,4419,(株)Ｆｉｎａｔｅｘｔホールディングス,東証GRT,33076,2021-12-22,664.0,2023/03
225,226,9256,(株)サクシード,東証GRT,3013,2021-12-22,859.0,2023/03
226,227,9522,リニューアブル・ジャパン(株),東証GRT,36389,2021-12-22,1223.0,2022/12
227,228,2585,(株)ライフドリンクカンパニー,東証PRM,73782,2021-12-21,5670.0,2023/03
228,229,6524,湖北工業(株),東証STD,40725,2021-12-21,4525.0,2023/12
229,230,9254,(株)ラバブルマーケティンググループ,東証GRT,2059,2021-12-21,1423.0,2023/10
230,231,9257,ＹＣＰホールディングス（グローバル）,東証GRT外国,0,2021-12-21,642.0,2022/12
231,232,4417,グローバルセキュリティエキスパート(株),東証GRT,37837,2021-12-20,4980.0,2023/03
232,233,4418,(株)ＪＤＳＣ,東証GRT,9966,2021-12-20,748.0,2023/06
233,234,7133,ＨＹＵＧＡ　ＰＲＩＭＡＲＹ　ＣＡＲＥ(株),東証GRT,12072,2021-12-20,1683.0,2023/03
234,235,4415,(株)ブロードエンタープライズ,東証GRT,5567,2021-12-16,918.0,2022/12
235,236,4416,(株)Ｔｒｕｅ　Ｄａｔａ,東証GRT,2237,2021-12-16,472.0,2023/03
236,237,7383,(株)ネットプロテクションズホールディングス,東証PRM,15805,2021-12-15,163.0,2023/03
237,238,4414,(株)フレクト,東証GRT,17853,2021-12-10,5940.0,2023/03
238,239,7131,のむら産業(株),東証STD,2085,2021-12-02,1498.0,2023/10
239,240,4413,(株)ボードルア,東証GRT,49703,2021-11-30,3130.0,2023/02
240,241,9253,スローガン(株),東証GRT,1740,2021-11-25,633.0,2023/02
241,242,4412,(株)サイエンスアーツ,東証GRT,3553,2021-11-24,529.0,2023/08
242,243,9252,(株)ラストワンマイル,東証GRT,10100,2021-11-24,3575.0,2023/08
243,244,9251,(株)ＡＢ＆Ｃｏｍｐａｎｙ,東証GRT,14593,2021-11-19,963.0,2023/10
244,245,9250,(株)ＧＲＣＳ,東証GRT,2252,2021-11-18,1714.0,2023/11
245,246,2961,日本調理機(株),東証STD,3305,2021-11-09,2910.0,2023/09
246,247,4379,(株)Ｐｈｏｔｏｓｙｎｔｈ,東証GRT,7698,2021-11-05,495.0,2022/12
247,248,4250,(株)フロンティア,福岡Q,868,2021-11-01,1250.0,2023/11
248,249,4378,(株)ＣＩＮＣ,東証GRT,2319,2021-10-26,684.0,2023/10
249,250,6523,ＰＨＣホールディングス(株),東証PRM,159819,2021-10-14,1267.0,2023/03
250,251,9249,日本エコシステム(株),東証STD,11276,2021-10-08,4180.0,2023/09
251,252,4377,(株)ワンキャリア,東証GRT,24239,2021-10-07,4125.0,2022/12
252,253,4360,(株)マナック・ケミカル・パートナーズ,東証STD,4640,2021-10-01,538.0,2023/03
253,254,4376,(株)くふうカンパニー,東証GRT,19366,2021-10-01,303.0,2023/09
254,255,5076,インフロニア・ホールディングス(株),東証PRM,414604,2021-10-01,1508.5,2023/03
255,256,7127,(株)一家ホールディングス,東証STD,5045,2021-10-01,709.0,2023/03
256,257,7128,フルサト・マルカホールディングス(株),東証PRM,61878,2021-10-01,2458.0,2022/12
257,258,7129,ミアヘルサホールディングス(株),東証STD,2600,2021-10-01,1035.0,2023/03
258,259,7130,ヤマエグループホールディングス(株),東証PRM,71819,2021-10-01,2594.0,2023/03
259,260,7350,(株)おきなわフィナンシャルグループ,東証PRM,55539,2021-10-01,2413.0,2023/03
260,261,7380,(株)十六フィナンシャルグループ,東証PRM,155110,2021-10-01,4090.0,2023/03
261,262,7381,(株)北國フィナンシャルホールディングス,東証PRM,113313,2021-10-01,4495.0,2023/03
262,263,9247,ＴＲＥホールディングス(株),東証PRM,67289,2021-10-01,1279.0,2023/03
263,264,9248,人・夢・技術グループ(株),東証PRM,16921,2021-10-01,1797.0,2023/09
264,265,6522,(株)アスタリスク,東証GRT,4543,2021-09-30,639.0,2023/08
265,266,4375,セーフィー(株),東証GRT,39509,2021-09-29,715.0,2022/12
266,267,9246,(株)プロジェクトホールディングス,東証GRT,12009,2021-09-29,2045.0,2022/12
267,268,4073,(株)ジィ・シィ企画,東証GRT,1993,2021-09-28,798.0,2023/06
268,269,4374,(株)ＲＯＢＯＴ　ＰＡＹＭＥＮＴ,東証GRT,9893,2021-09-28,2630.0,2022/12
269,270,9244,(株)デジタリフト,東証GRT,1312,2021-09-28,841.0,2023/09
270,271,9245,(株)リベロ,東証GRT,7731,2021-09-28,1453.0,2022/12
271,272,4889,(株)レナサイエンス,東証GRT,4919,2021-09-24,387.0,2023/03
272,273,4371,(株)コアコンセプト・テクノロジー,東証GRT,43462,2021-09-22,2500.0,2022/12
273,274,4372,ユミルリンク(株),東証GRT,4768,2021-09-22,1225.0,2022/12
274,275,4373,シンプレクス・ホールディングス(株),東証PRM,143776,2021-09-22,2493.0,2023/03
275,276,4018,(株)Ｇｅｏｌｏｃａｔｉｏｎ　Ｔｅｃｈｎｏｌｏｇｙ,福岡Q,1124,2021-09-13,726.0,2023/06
276,277,4370,モビルス(株),東証GRT,2712,2021-09-02,454.0,2023/08
277,278,9242,メディア総研(株),東証GRT,1910,2021-09-02,1585.0,2023/07
278,279,2934,ジェイフロンティア(株),東証GRT,18666,2021-08-27,3650.0,2023/05
279,280,7126,グローバルスタイル(株),東証STD,5517,2021-08-24,1575.0,2023/07
280,281,4076,(株)シイエヌエス,東証GRT,5036,2021-08-20,1733.0,2023/05
281,282,9241,(株)フューチャーリンクネットワーク,東証GRT,1137,2021-08-20,1360.0,2023/08
282,283,6227,ＡＩメカテック(株),東証STD,30402,2021-07-30,5400.0,2023/06
283,284,9240,(株)デリバリーコンサルティング,東証GRT,3172,2021-07-29,670.0,2023/07
284,285,4075,ブレインズテクノロジー(株),東証GRT,5836,2021-07-28,1049.0,2023/07
285,286,7379,(株)サーキュレーション,東証GRT,7041,2021-07-27,838.0,2023/07
286,287,2991,(株)ランドネット,東証STD,5976,2021-07-21,1004.0,2023/07
287,288,7378,(株)アシロ,東証GRT,5270,2021-07-20,717.0,2023/10
288,289,4074,(株)ラキール,東証GRT,11388,2021-07-16,1488.0,2022/12
289,290,7377,ＤＮホールディングス(株),東証STD,12739,2021-07-14,1513.0,2023/06
290,291,7792,(株)コラントッテ,東証GRT,8522,2021-07-08,945.0,2023/09
291,292,7376,ＢＣＣ(株),東証GRT,1915,2021-07-06,1710.0,2023/09
292,293,4072,(株)電算システムホールディングス,東証PRM,29238,2021-07-01,2709.0,2023/12
293,294,7347,(株)マーキュリアホールディングス,東証PRM,15265,2021-07-01,710.0,2022/12
294,295,7375,(株)リファインバースグループ,東証GRT,3622,2021-07-01,1085.0,2023/06
295,296,4071,(株)プラスアルファ・コンサルティング,東証PRM,103614,2021-06-30,2453.0,2023/09
296,297,4069,(株)ＢｌｕｅＭｅｍｅ,東証GRT,4347,2021-06-29,1220.0,2023/03
297,298,4937,(株)Ｗａｑｏｏ,東証GRT,7149,2021-06-29,1981.0,2023/09
298,299,7699,オムニ・プラス・システム,東証GRT外国,0,2021-06-29,570.0,2023/03
299,300,7374,(株)コンフィデンス・インターワークス,東証GRT,10477,2021-06-28,1585.0,2023/03
300,301,5759,日本電解(株),東証GRT,9575,2021-06-25,1058.0,2023/03
301,302,7096,(株)ステムセル研究所,東証GRT,20749,2021-06-25,2025.0,2023/03
302,303,4068,ベイシス(株),東証GRT,2458,2021-06-24,1320.0,2023/06
303,304,4932,(株)アルマード,東証STD,15175,2021-06-24,1460.0,2023/03
304,305,7318,セレンディップ・ホールディングス(株),東証GRT,9039,2021-06-24,1907.0,2023/03
305,306,7345,(株)アイ・パートナーズフィナンシャル,東証GRT,1450,2021-06-23,420.0,2023/03
306,307,7373,(株)アイドマ・ホールディングス,東証GRT,30757,2021-06-23,2019.0,2023/08
307,308,7791,ドリームベッド(株),東証STD,3318,2021-06-23,799.0,2023/03
308,309,2989,東海道リート投資法人,東証,35412,2021-06-22,127200.0,---
309,310,4489,(株)ペイロール,東証GRT,24865,2021-06-22,1377.0,2023/03
310,311,4882,(株)ペルセウスプロテオミクス,東証GRT,5809,2021-06-22,491.0,2023/03
311,312,7372,(株)デコルテ・ホールディングス,東証GRT,2642,2021-06-22,466.0,2023/09
312,313,7370,(株)Ｅｎｊｉｎ,東証GRT,7893,2021-06-18,1086.0,2023/05
313,314,7371,Ｚｅｎｋｅｎ(株),東証GRT,6198,2021-06-16,506.0,2023/06
314,315,4198,(株)テンダ,東証STD,5030,2021-06-10,2303.0,2023/05
315,316,4199,ワンダープラネット(株),東証GRT,3492,2021-06-10,1347.0,2023/08
316,317,7369,(株)メイホーホールディングス,東証GRT,3242,2021-06-02,2073.0,2023/06
317,318,5074,テスホールディングス(株),東証PRM,31349,2021-04-27,444.0,2023/06
318,319,4194,ビジョナル(株),東証PRM,368160,2021-04-22,9400.0,2023/07
319,320,4196,(株)ネオマーケティング,東証STD,2558,2021-04-22,1013.0,2023/09
320,321,4888,ステラファーマ(株),東証GRT,7775,2021-04-22,249.0,2023/03
321,322,4498,サイバートラスト(株),東証GRT,14997,2021-04-15,1855.0,2023/03
322,323,2933,(株)紀文食品,東証PRM,27259,2021-04-13,1194.0,2023/03
323,324,7698,(株)アイスコ,東証STD,3089,2021-04-08,1590.0,2023/03
324,325,4193,(株)ファブリカコミュニケーションズ,東証STD,10458,2021-04-07,1963.0,2023/03
325,326,7368,表示灯(株),東証STD,7189,2021-04-07,1523.0,2023/03
326,327,7367,(株)セルム,東証STD,10198,2021-04-06,740.0,2023/03
327,328,6521,(株)オキサイド,東証GRT,30540,2021-04-05,2775.0,2023/02
328,329,1786,オリエンタル白石(株),東証PRM,49971,2021-04-01,360.0,2023/03
329,330,4886,あすか製薬ホールディングス(株),東証PRM,59751,2021-04-01,1955.0,2023/03
330,331,4887,サワイグループホールディングス(株),東証PRM,257432,2021-04-01,5877.0,2023/03
331,332,7366,(株)ＬＩＴＡＬＩＣＯ,東証PRM,77749,2021-04-01,2179.0,2023/03
332,333,4180,Ａｐｐｉｅｒ　Ｇｒｏｕｐ(株),東証PRM,186546,2021-03-30,1831.0,2022/12
333,334,4192,スパイダープラス(株),東証GRT,23756,2021-03-30,677.0,2022/12
334,335,7343,ブロードマインド(株),東証GRT,6231,2021-03-26,1122.0,2023/03
335,336,9327,(株)イー・ロジット,東証STD,1870,2021-03-26,504.0,2023/03
336,337,4179,(株)ジーネクスト,東証GRT,1352,2021-03-25,321.0,2023/03
337,338,7363,(株)ベビーカレンダー,東証GRT,1402,2021-03-25,1489.0,2022/12
338,339,4178,(株)Ｓｈａｒｉｎｇ　Ｉｎｎｏｖａｔｉｏｎｓ,東証GRT,2951,2021-03-24,778.0,2022/12
339,340,6614,(株)シキノハイテック,東証STD,11755,2021-03-24,2657.0,2023/03
340,341,4176,(株)ココナラ,東証GRT,11507,2021-03-19,482.0,2023/08
341,342,7362,(株)Ｔ．Ｓ．Ｉ,東証GRT,1824,2021-03-19,1190.0,2022/12
342,343,4177,(株)ｉ－ｐｌｕｇ,東証GRT,4510,2021-03-18,1142.0,2023/03
343,344,4432,ウイングアーク１ｓｔ(株),東証PRM,104164,2021-03-16,2993.0,2023/02
344,345,7361,(株)ヒューマンクリエイションホールディングス,東証GRT,4502,2021-03-16,2337.0,2023/09
345,346,4175,(株)ｃｏｌｙ,東証GRT,4947,2021-02-26,899.0,2023/01
346,347,4885,室町ケミカル(株),東証STD,2871,2021-02-26,701.0,2023/05
347,348,4174,(株)アピリッツ,東証STD,4984,2021-02-25,1191.0,2023/01
348,349,4173,(株)ＷＡＣＵＬ,東証GRT,3677,2021-02-19,515.0,2023/02
349,350,4936,(株)アクシージア,東証PRM,21543,2021-02-18,856.0,2023/07
350,351,2983,(株)アールプランナー,東証GRT,3550,2021-02-10,660.0,2023/01
351,352,6613,(株)ＱＤレーザ,東証GRT,23651,2021-02-05,567.0,2023/03
352,353,7360,(株)オンデック,東証GRT,2703,2020-12-29,944.0,2023/11
353,354,4884,クリングルファーマ(株),東証GRT,3735,2020-12-28,593.0,2023/09
354,355,4172,東和ハイシステム(株),東証STD,3846,2020-12-25,1726.0,2023/09
355,356,4881,(株)ファンペップ,東証GRT,3442,2020-12-25,142.0,2022/12
356,357,6230,ＳＡＮＥＩ(株),東証STD,9534,2020-12-25,4165.0,2023/03
357,358,4171,(株)グローバルインフォメーション,東証STD,4433,2020-12-24,1504.0,2023/12
358,359,7359,(株)東京通信グループ,東証GRT,6648,2020-12-24,660.0,2022/12
359,360,4169,ＥＮＥＣＨＡＮＧＥ(株),東証GRT,46218,2020-12-23,1494.0,2023/12
360,361,7695,(株)交換できるくん,東証GRT,4435,2020-12-23,1950.0,2023/03
361,362,4168,(株)ヤプリ,東証GRT,13630,2020-12-22,1052.0,2022/12
362,363,4170,(株)Ｋａｉｚｅｎ　Ｐｌａｔｆｏｒｍ,東証GRT,4031,2020-12-22,239.0,2022/12
363,364,7342,ウェルスナビ(株),東証GRT,84529,2020-12-22,1708.0,2022/12
364,365,7358,(株)ポピンズ,東証STD,16385,2020-12-21,1610.0,2022/12
365,366,7694,(株)いつも,東証GRT,4633,2020-12-21,790.0,2023/03
366,367,4167,(株)ココペリ,東証GRT,2818,2020-12-18,356.0,2023/03
367,368,7031,(株)インバウンドテック,東証GRT,2941,2020-12-18,1124.0,2023/03
368,369,4020,ビートレンド(株),東証GRT,2927,2020-12-17,1332.0,2022/12
369,370,4165,(株)プレイド,東証GRT,25114,2020-12-17,631.0,2023/09
370,371,4166,かっこ(株),東証GRT,2104,2020-12-17,788.0,2022/12
371,372,4935,(株)リベルタ,東証STD,2148,2020-12-17,719.0,2022/12
372,373,6229,(株)オーケーエム,東証STD,6634,2020-12-17,1467.0,2023/03
373,374,6612,バルミューダ(株),東証GRT,11568,2020-12-16,1370.0,2023/12
374,375,7092,(株)Ｆａｓｔ　Ｆｉｔｎｅｓｓ　Ｊａｐａｎ,東証PRM,20594,2020-12-16,1099.0,2023/03
375,376,7944,ローランド(株),東証PRM,139407,2020-12-16,4950.0,2022/12
376,377,4019,(株)スタメン,東証GRT,6885,2020-12-15,794.0,2022/12
377,378,9145,(株)ビーイングホールディングス,東証STD,17011,2020-12-15,2853.0,2022/12
378,379,4494,バリオセキュア(株),東証STD,2965,2020-11-30,656.0,2023/02
379,380,4017,(株)クリーマ,東証GRT,2033,2020-11-27,302.0,2023/02
380,381,7357,(株)ジオコード,東証STD,1759,2020-11-26,643.0,2023/02
381,382,4016,ＭＩＴホールディングス(株),東証STD,1464,2020-11-25,694.0,2023/11
382,383,4015,アララ(株),東証GRT,6157,2020-11-19,515.0,2023/08
383,384,7356,Ｒｅｔｔｙ(株),東証GRT,2550,2020-10-30,171.0,2023/09
384,385,4934,プレミアアンチエイジング(株),東証GRT,8119,2020-10-28,931.0,2023/07
385,386,7097,(株)さくらさくプラス,東証GRT,4375,2020-10-28,969.0,2023/07
386,387,4014,(株)カラダノート,東証GRT,3248,2020-10-27,509.0,2023/07
387,388,7692,(株)アースインフィニティ,東証STD,7159,2020-10-16,65.0,2023/07
388,389,4013,勤次郎(株),東証GRT,8534,2020-10-13,819.0,2023/12
389,390,7354,(株)ダイレクトマーケティングミックス,東証PRM,16794,2020-10-05,356.0,2022/12
390,391,2987,(株)タスキ,東証GRT,18792,2020-10-02,1334.0,2023/09
391,392,7337,(株)ひろぎんホールディングス,東証PRM,312246,2020-10-01,999.6,2023/03
392,393,7338,インヴァスト(株),東証STD,6617,2020-10-01,1126.0,2023/03
393,394,4012,(株)アクシス,東証STD,5972,2020-09-30,1409.0,2023/12
394,395,4011,(株)ヘッドウォータース,東証GRT,17948,2020-09-29,9540.0,2022/12
395,396,4060,ｒａｋｕｍｏ(株),東証GRT,6778,2020-09-28,1174.0,2023/12
396,397,2932,(株)ＳＴＩフードホールディングス,東証STD,25691,2020-09-25,4335.0,2023/12
397,398,4933,(株)Ｉ－ｎｅ,東証PRM,37995,2020-09-25,2138.0,2023/12
398,399,4058,トヨクモ(株),東証GRT,17901,2020-09-24,1628.0,2022/12
399,400,4059,(株)まぐまぐ,東証STD,1883,2020-09-24,669.0,2023/09
400,401,4930,(株)グラフィコ,東証STD,2328,2020-09-24,2480.0,2023/06
401,402,1375,(株)雪国まいたけ,東証PRM,37556,2020-09-17,941.0,2023/03
402,403,4057,(株)インターファクトリー,東証GRT,2128,2020-08-25,516.0,2023/05
403,404,4056,ニューラルグループ(株),東証GRT,18474,2020-08-20,1205.0,2022/12
404,405,4055,ティアンドエス(株),東証GRT,17266,2020-08-07,2262.0,2023/11
405,406,4883,(株)モダリス,東証GRT,3336,2020-08-03,100.0,2022/12
406,407,4053,(株)Ｓｕｎ　Ａｓｔｅｒｉｓｋ,東証PRM,39713,2020-07-31,1043.0,2023/12
407,408,4054,日本情報クリエイト(株),東証GRT,8776,2020-07-31,612.0,2023/06
408,409,4051,ＧＭＯフィナンシャルゲート(株),東証GRT,91608,2020-07-15,11030.0,2023/09
409,410,4495,(株)アイキューブドシステムズ,東証GRT,6814,2020-07-15,1287.0,2023/06
410,411,7353,ＫＩＹＯラーニング(株),東証GRT,6191,2020-07-15,910.0,2022/12
411,412,4499,(株)Ｓｐｅｅｅ,東証STD,21442,2020-07-10,2019.0,2023/09
412,413,7352,(株)ＴＷＯＳＴＯＮＥ＆Ｓｏｎｓ,東証GRT,58162,2020-07-07,1385.0,2023/08
413,414,2986,(株)ＬＡホールディングス,東証GRT,32171,2020-07-01,5150.0,2022/12
414,415,7351,(株)グッドパッチ,東証GRT,5352,2020-06-30,584.0,2023/08
415,416,6599,エブレン(株),東証STD,3708,2020-06-29,2414.0,2023/03
416,417,4496,(株)コマースＯｎｅホールディングス,東証GRT,5304,2020-06-26,705.0,2023/03
417,418,4052,フィーチャ(株),東証GRT,4538,2020-06-24,775.0,2023/06
418,419,7689,(株)コパ・コーポレーション,東証GRT,2255,2020-06-24,761.0,2023/02
419,420,7317,(株)松屋アールアンドディ,東証GRT,17015,2020-04-06,803.0,2023/03
420,421,2982,(株)ＡＤワークスグループ,東証PRM,11968,2020-04-01,242.0,2023/12
421,422,7095,(株)Ｍａｃｂｅｅ　Ｐｌａｎｅｔ,東証GRT,64049,2020-03-31,17700.0,2023/04
422,423,1444,(株)ニッソウ,東証GRT,2812,2020-03-30,2583.0,2023/07
423,424,7094,(株)ＮｅｘＴｏｎｅ,東証GRT,12331,2020-03-30,1252.0,2023/03
424,425,4493,(株)サイバーセキュリティクラウド,東証GRT,23201,2020-03-26,2455.0,2022/12
425,426,7093,アディッシュ(株),東証GRT,1544,2020-03-26,857.0,2022/12
426,427,5071,(株)ヴィス,東証STD,8479,2020-03-25,1030.0,2023/03
427,428,4492,(株)ゼネテック,東証STD,7533,2020-03-19,646.0,2023/03
428,429,5368,日本インシュレーション(株),東証STD,8995,2020-03-19,1033.0,2023/03
429,430,9326,(株)関通,東証GRT,5401,2020-03-19,524.0,2023/02
430,431,5070,(株)ドラフト,東証GRT,6719,2020-03-17,669.0,2022/12
431,432,7091,(株)リビングプラットフォーム,東証GRT,7039,2020-03-17,1567.0,2023/03
432,433,7687,(株)ミクリード,東証GRT,3556,2020-03-16,1618.0,2023/03
433,434,6231,木村工機(株),東証STD,14511,2020-03-13,3770.0,2023/03
434,435,7089,フォースタートアップス(株),東証GRT,5253,2020-03-13,1445.0,2023/03
435,436,7090,(株)リグア,東証GRT,2526,2020-03-13,1690.0,2023/03
436,437,4491,コンピューターマネージメント(株),東証STD,3255,2020-03-11,1600.0,2023/03
437,438,4490,(株)ビザスク,東証GRT,8189,2020-03-10,890.0,2023/02
438,439,7088,(株)フォーラムエンジニアリング,東証PRM,49359,2020-03-09,924.0,2023/03
439,440,7086,(株)きずなホールディングス,東証GRT,9897,2020-03-06,1433.0,2023/05
440,441,7087,(株)ウイルテック,東証STD,5556,2020-03-06,860.0,2023/03
441,442,7084,(株)Ｋｉｄｓ　Ｓｍｉｌｅ　Ｈｏｌｄｉｎｇｓ,東証GRT,2942,2020-03-04,907.0,2023/03
442,443,7085,(株)カーブスホールディングス,東証PRM,69173,2020-03-02,737.0,2023/08
443,444,7083,ＡＨＣグループ(株),東証GRT,1552,2020-02-25,738.0,2023/11
444,445,7081,コーユーレンティア(株),東証STD,11366,2020-02-07,2077.0,2022/12
445,446,7082,(株)ジモティー,東証GRT,7787,2020-02-07,1562.0,2022/12
446,447,7080,(株)スポーツフィールド,東証GRT,6155,2019-12-26,1672.0,2022/12
447,448,4488,ＡＩ　ｉｎｓｉｄｅ(株),東証GRT,29359,2019-12-25,7340.0,2023/03
448,449,7079,ＷＤＢココ(株),東証GRT,10955,2019-12-25,4555.0,2023/03
449,450,6557,ＡＩＡＩグループ(株),東証GRT,4494,2019-12-23,1451.0,2023/03
450,451,7686,(株)カクヤスグループ,東証STD,16453,2019-12-23,1708.0,2023/03
451,452,4487,(株)スペースマーケット,東証GRT,5109,2019-12-20,427.0,2023/12
452,453,7078,ＩＮＣＬＵＳＩＶＥ(株),東証GRT,9398,2019-12-20,940.0,2023/03
453,454,2980,ＳＲＥホールディングス(株),東証PRM,51480,2019-12-19,3180.0,2023/03
454,455,2981,(株)ランディックス,東証GRT,7056,2019-12-19,2491.0,2023/03
455,456,4485,(株)ＪＴＯＷＥＲ,東証GRT,116266,2019-12-18,5270.0,2023/03
456,457,4486,ユナイトアンドグロウ(株),東証GRT,4575,2019-12-18,1158.0,2022/12
457,458,7685,(株)ＢｕｙＳｅｌｌ　Ｔｅｃｈｎｏｌｏｇｉｅｓ,東証GRT,43626,2019-12-18,2991.0,2022/12
458,459,4478,フリー(株),東証GRT,162288,2019-12-17,2785.0,2023/06
459,460,4482,(株)ウィルズ,東証GRT,15770,2019-12-17,749.0,2022/12
460,461,4481,ベース(株),東証PRM,60535,2019-12-16,3225.0,2022/12
461,462,4483,(株)ＪＭＤＣ,東証PRM,229327,2019-12-16,3511.0,2023/03
462,463,4484,ランサーズ(株),東証GRT,4314,2019-12-16,272.0,2023/03
463,464,4480,(株)メドレー,東証PRM,145359,2019-12-12,4440.0,2022/12
464,465,4479,(株)マクアケ,東証GRT,8778,2019-12-11,693.0,2023/09
465,466,2979,SOSiLA物流リート投資法人,東証,84681,2019-12-10,116400.0,---
466,467,3449,(株)テクノフレックス,東証STD,22748,2019-12-10,1065.0,2022/12
467,468,7077,(株)ＡＬｉＮＫインターネット,東証GRT,2353,2019-12-10,1101.0,2023/02
468,469,7076,名南Ｍ＆Ａ(株),名証MN,2522,2019-12-02,801.0,2023/09
469,470,7074,(株)トゥエンティーフォーセブン,東証GRT,1550,2019-11-21,269.0,2023/11
470,471,7683,(株)ダブルエー,東証GRT,20596,2019-11-01,2161.0,2023/01
471,472,4251,恵和(株),東証PRM,28039,2019-10-30,1455.0,2022/12
472,473,7073,(株)ジェイック,東証GRT,1935,2019-10-29,2077.0,2023/01
473,474,4880,セルソース(株),東証PRM,25402,2019-10-28,1283.0,2023/10
474,475,4477,ＢＡＳＥ(株),東証GRT,38591,2019-10-25,335.0,2023/12
475,476,7072,(株)インティメート・マージャー,東証GRT,3433,2019-10-24,1036.0,2023/09
476,477,4691,ワシントンホテル(株),東証STD,10271,2019-10-18,844.0,2023/03
477,478,7682,(株)浜木綿,東証STD,7769,2019-10-18,3600.0,2023/07
478,479,7071,(株)アンビスホールディングス,東証PRM,248498,2019-10-09,2534.0,2023/09
479,480,4475,ＨＥＮＮＧＥ(株),東証GRT,47548,2019-10-08,1463.0,2023/09
480,481,4476,ＡＩ　ＣＲＯＳＳ(株),東証GRT,4817,2019-10-08,1193.0,2022/12
481,482,7681,(株)レオクラン,東証STD,5356,2019-10-02,2729.0,2023/09
482,483,4450,(株)パワーソリューションズ,東証GRT,3805,2019-10-01,2655.0,2022/12
483,484,6597,ＨＰＣシステムズ(株),東証GRT,8473,2019-09-26,1944.0,2023/06
484,485,4448,Ｃｈａｔｗｏｒｋ(株),東証GRT,20314,2019-09-24,500.0,2023/12
485,486,4449,(株)ギフティ,東証PRM,47245,2019-09-20,1607.0,2022/12
486,487,7069,(株)サイバー・バズ,東証GRT,5818,2019-09-19,1459.0,2023/09
487,488,7800,(株)アミファ,東証STD,2080,2019-09-19,643.0,2023/09
488,489,4447,(株)ピー・ビーシステムズ,東証GRT,4049,2019-09-12,615.0,2023/09
489,490,7679,(株)薬王堂ホールディングス,東証PRM,52094,2019-09-02,2639.0,2023/02
490,491,4599,(株)ステムリム,東証GRT,33001,2019-08-09,537.0,2023/07
491,492,2978,(株)ツクルバ,東証GRT,9426,2019-07-31,808.0,2023/07
492,493,7803,(株)ブシロード,東証GRT,32089,2019-07-29,450.0,2023/06
493,494,7804,(株)ビーアンドピー,東証STD,3425,2019-07-24,1489.0,2023/10
494,495,4446,(株)Ｌｉｎｋ－Ｕ,東証PRM,9127,2019-07-18,644.0,2023/07
495,496,7068,フィードフォースグループ(株),東証GRT,14454,2019-07-05,561.0,2023/05
496,497,4445,リビン・テクノロジーズ(株),東証GRT,3037,2019-06-28,2260.0,2023/09
497,498,4931,新日本製薬(株),東証PRM,39186,2019-06-27,1793.0,2023/09
498,499,7678,(株)あさくま,東証STD,12609,2019-06-27,2342.0,2023/03
499,500,7677,(株)ヤシマキザイ,東証STD,5861,2019-06-26,2035.0,2023/03
500,501,4444,(株)インフォネット,東証GRT,2981,2019-06-25,1463.0,2023/03
501,502,7067,ブランディングテクノロジー(株),東証GRT,1607,2019-06-21,1005.0,2023/03
502,503,7066,(株)ピアズ,東証GRT,11700,2019-06-20,1173.0,2023/09
503,504,2976,日本グランデ(株),札幌ア,1075,2019-06-19,800.0,2023/03
504,505,4443,Ｓａｎｓａｎ(株),東証PRM,181801,2019-06-19,1447.0,2023/05
505,506,7065,ユーピーアール(株),東証STD,11942,2019-06-12,1559.0,2023/08
506,507,2974,大英産業(株),福証,3524,2019-06-04,1069.0,2023/09
507,508,2975,スター・マイカ・ホールディングス(株),東証PRM,18190,2019-06-01,535.0,2023/11
508,509,4442,バルテス・ホールディングス(株),東証GRT,16431,2019-05-30,766.0,2023/03
509,510,4441,トビラシステムズ(株),東証STD,9152,2019-04-25,861.0,2023/10
510,511,7676,(株)グッドスピード,東証GRT,2683,2019-04-25,709.0,2022/09
511,512,7064,(株)ハウテレビジョン,東証GRT,3711,2019-04-24,2712.0,2023/01
512,513,4440,(株)ヴィッツ,東証STD,3349,2019-04-08,802.0,2023/08
513,514,4439,(株)東名,東証STD,17072,2019-04-03,2294.0,2023/08
514,515,7675,セントラルフォレストグループ(株),名証MN,18881,2019-04-01,2150.0,2023/12
515,516,4438,(株)Ｗｅｌｂｙ,東証GRT,4739,2019-03-29,605.0,2022/12
516,517,7063,(株)Ｂｉｒｄｍａｎ,東証GRT,5759,2019-03-29,1125.0,2023/06
517,518,7061,日本ホスピスホールディングス(株),東証GRT,20015,2019-03-28,2483.0,2022/12
518,519,7062,(株)フレアス,東証GRT,2275,2019-03-28,967.0,2023/03
519,520,7674,(株)ＮＡＴＴＹ　ＳＷＡＮＫＹホールディングス,東証GRT,8481,2019-03-28,3470.0,2023/01
520,521,4437,ｇｏｏｄｄａｙｓホールディングス(株),東証GRT,4011,2019-03-25,594.0,2023/03
521,522,7060,ギークス(株),東証STD,4893,2019-03-20,474.0,2023/03
522,523,1451,(株)ＫＨＣ,東証STD,3032,2019-03-19,757.0,2023/03
523,524,4436,(株)ミンカブ・ジ・インフォノイド,東証GRT,21692,2019-03-19,1448.0,2023/03
524,525,7059,(株)コプロ・ホールディングス,東証PRM,32760,2019-03-19,1638.0,2023/03
525,526,7058,共栄セキュリティーサービス(株),東証STD,4557,2019-03-18,3025.0,2023/03
526,527,4435,(株)カオナビ,東証GRT,23108,2019-03-15,1993.0,2023/03
527,528,7057,(株)エヌ・シー・エヌ,東証STD,3066,2019-03-14,953.0,2023/03
528,529,4434,(株)サーバーワークス,東証STD,30160,2019-03-13,3855.0,2023/02
529,530,2972,サンケイリアルエステート投資法人,東証,42506,2019-03-12,91000.0,---
530,531,7673,ダイコー通産(株),東証STD,6485,2019-03-12,1216.0,2023/05
531,532,1887,日本国土開発(株),東証PRM,48679,2019-03-05,522.0,2023/05
532,533,4433,(株)ヒト・コミュニケーションズ・ホールディングス,東証PRM,20906,2019-03-01,1168.0,2023/08
533,534,4431,(株)スマレジ,東証GRT,44193,2019-02-28,2248.0,2023/04
534,535,7050,(株)フロンティアインターナショナル,東証GRT,9681,2019-02-28,2096.0,2023/04
535,536,4430,東海ソフト(株),東証STD,5708,2019-02-27,1160.0,2023/05
536,537,4429,リックソフト(株),東証GRT,7089,2019-02-26,1558.0,2023/02
537,538,7049,(株)識学,東証GRT,4850,2019-02-22,531.0,2023/02
538,539,2971,エスコンジャパンリート投資法人,東証,41638,2019-02-13,118300.0,---
539,540,4428,(株)シノプス,東証GRT,7436,2018-12-25,1190.0,2022/12
540,541,7048,ベルトラ(株),東証GRT,20976,2018-12-25,575.0,2022/12
541,542,4427,(株)ＥｄｕＬａｂ,東証GRT,2966,2018-12-21,290.0,2023/09
542,543,6232,(株)ＡＣＳＬ,東証GRT,13310,2018-12-21,917.0,2022/12
543,544,7037,(株)テノ．ホールディングス,東証STD,2605,2018-12-21,554.0,2022/12
544,545,7047,ポート(株),東証GRT,35147,2018-12-21,2548.0,2023/03
545,546,4424,(株)Ａｍａｚｉａ,東証GRT,2764,2018-12-20,409.0,2023/09
546,547,4425,Ｋｕｄａｎ(株),東証GRT,7367,2018-12-19,848.0,2023/03
547,548,9434,ソフトバンク(株),東証PRM,9390081,2018-12-19,1958.0,2023/03
548,549,1450,田中建設工業(株),東証STD,9509,2018-12-18,2186.0,2023/03
549,550,7046,ＴＤＳＥ(株),東証GRT,4200,2018-12-18,1909.0,2023/03
550,551,2970,(株)グッドライフカンパニー,東証STD,10461,2018-12-17,2454.0,2022/12
551,552,1449,(株)ＦＵＪＩジャパン,札証,652,2018-12-13,306.0,2023/12
552,553,7670,オーウエル(株),東証STD,9335,2018-12-13,889.0,2023/03
553,554,7043,アルー(株),東証GRT,2531,2018-12-11,991.0,2023/12
554,555,7044,(株)ピアラ,東証STD,2251,2018-12-11,316.0,2022/12
555,556,3498,霞ヶ関キャピタル(株),東証PRM,109498,2018-11-28,11190.0,2023/08
556,557,7042,(株)アクセスグループ・ホールディングス,東証STD,1230,2018-11-06,868.0,2023/03
557,558,4422,ＶＡＬＵＥＮＥＸ(株),東証GRT,2702,2018-10-30,934.0,2023/07
558,559,3497,(株)ＬｅＴｅｃｈ,東証GRT,4573,2018-10-23,940.0,2023/07
559,560,4421,(株)ディ・アイ・システム,東証STD,2563,2018-10-19,838.0,2023/09
560,561,9279,(株)ギフトホールディングス,東証PRM,56044,2018-10-19,2810.0,2023/10
561,562,7805,プリントネット(株),東証STD,3511,2018-10-18,643.0,2023/08
562,563,4420,イーソル(株),東証STD,12640,2018-10-12,589.0,2022/12
563,564,4598,Ｄｅｌｔａ－Ｆｌｙ　Ｐｈａｒｍａ(株),東証GRT,6880,2018-10-12,836.0,2023/03
564,565,7041,ＣＲＧホールディングス(株),東証GRT,2824,2018-10-10,515.0,2023/09
565,566,7039,ブリッジインターナショナル(株),東証GRT,5634,2018-10-03,1495.0,2023/12
566,567,1447,ＩＴｂｏｏｋホールディングス(株),東証GRT,7874,2018-10-01,326.0,2023/03
567,568,5290,(株)ベルテクスコーポレーション,東証STD,52063,2018-10-01,1704.0,2023/03
568,569,6699,ダイヤモンドエレクトリックホールディングス(株),東証PRM,6499,2018-10-01,712.0,2023/03
569,570,7040,(株)サン・ライフホールディング,東証STD,6690,2018-10-01,981.0,2023/03
570,571,7327,(株)第四北越フィナンシャルグループ,東証PRM,184691,2018-10-01,4020.0,2023/03
571,572,9278,ブックオフグループホールディングス(株),東証PRM,25088,2018-10-01,1221.0,2023/05
572,573,3612,(株)ワールド,東証PRM,67819,2018-09-28,1972.0,2023/03
573,574,7038,フロンティア・マネジメント(株),東証PRM,18680,2018-09-28,1593.0,2022/12
574,575,6233,ＫＬＡＳＳ(株),東証STD,2890,2018-09-27,536.0,2023/09
575,576,7326,ＳＢＩインシュアランスグループ(株),東証GRT,27154,2018-09-27,1094.0,2023/03
576,577,4398,(株)ブロードバンドセキュリティ,東証STD,6306,2018-09-26,1380.0,2023/06
577,578,7325,(株)アイリックコーポレーション,東証GRT,6096,2018-09-25,700.0,2023/06
578,579,7036,(株)イーエムネットジャパン,東証GRT,3120,2018-09-21,803.0,2023/12
579,580,3496,(株)アズーム,東証GRT,42668,2018-09-20,7090.0,2023/09
580,581,3494,(株)マリオン,東証STD,4678,2018-09-13,584.0,2023/09
581,582,3495,香陵住販(株),東証STD,4061,2018-09-13,1496.0,2023/09
582,583,3493,アドバンス・ロジスティクス投資法人,東証,85109,2018-09-07,126200.0,---
583,584,7035,ａｎｄ　ｆａｃｔｏｒｙ(株),東証STD,3491,2018-09-06,310.0,2023/08
584,585,9275,(株)ナルミヤ・インターナショナル,東証STD,12370,2018-09-06,1222.0,2023/02
585,586,4397,(株)チームスピリット,東証GRT,6778,2018-08-22,412.0,2023/08
586,587,4396,(株)システムサポート,東証PRM,19691,2018-08-02,1897.0,2023/06
587,588,5699,(株)イボキン,東証STD,4116,2018-08-02,1201.0,2022/12
588,589,3492,タカラレーベン不動産投資法人,東証,72314,2018-07-27,104600.0,---
589,590,7034,(株)プロレド・パートナーズ,東証PRM,3918,2018-07-27,350.0,2023/10
590,591,4394,(株)エクスモーション,東証GRT,2518,2018-07-26,835.0,2023/11
591,592,4395,(株)アクリート,東証GRT,6242,2018-07-26,1045.0,2022/12
592,593,3491,(株)ＧＡ　ｔｅｃｈｎｏｌｏｇｉｅｓ,東証GRT,51687,2018-07-25,1406.0,2023/10
593,594,4393,(株)バンク・オブ・イノベーション,東証GRT,15051,2018-07-24,3760.0,2023/09
594,595,7033,(株)マネジメントソリューションズ,東証PRM,48161,2018-07-23,2863.0,2023/10
595,596,7806,(株)ＭＴＧ,東証GRT,63798,2018-07-10,1591.0,2023/09
596,597,1446,(株)キャンディル,東証STD,6322,2018-07-05,589.0,2023/09
597,598,4391,ロジザード(株),東証GRT,6200,2018-07-04,1884.0,2023/06
598,599,4392,ＦＩＧ(株),東証PRM,9575,2018-07-02,305.0,2022/12
599,600,7030,(株)スプリックス,東証STD,14095,2018-06-29,793.0,2023/09
600,601,4388,(株)エーアイ,東証GRT,4594,2018-06-27,889.0,2023/03
601,602,4389,プロパティデータバンク(株),東証GRT,6710,2018-06-27,1131.0,2023/03
602,603,4390,(株)アイ・ピー・エス,東証PRM,28234,2018-06-27,2196.0,2023/03
603,604,9274,ＫＰＰグループホールディングス(株),東証PRM,53102,2018-06-26,725.0,2023/03
604,605,6580,(株)ライトアップ,東証GRT,3809,2018-06-22,656.0,2023/03
605,606,4386,(株)ＳＩＧグループ,東証STD,3001,2018-06-21,506.0,2023/03
606,607,4387,(株)ＺＵＵ,東証GRT,3567,2018-06-21,751.0,2023/03
607,608,9273,コーア商事ホールディングス(株),東証PRM,28923,2018-06-21,730.0,2023/06
608,609,6579,ログリー(株),東証GRT,2278,2018-06-20,599.0,2023/03
609,610,4385,(株)メルカリ,東証PRM,397395,2018-06-19,2435.5,2023/06
610,611,4384,ラクスル(株),東証PRM,63634,2018-05-31,1083.0,2023/07
611,612,6578,(株)エヌリンクス,東証STD,1950,2018-04-27,267.0,2023/02
612,613,6577,(株)ベストワンドットコム,東証GRT,4790,2018-04-25,3260.0,2023/07
613,614,4382,ＨＥＲＯＺ(株),東証STD,26156,2018-04-20,1739.0,2023/04
614,615,6574,(株)コンヴァノ,東証GRT,3574,2018-04-11,825.0,2023/03
615,616,4381,ビープラッツ(株),東証GRT,3564,2018-04-04,1471.0,2023/03
616,617,9272,ブティックス(株),東証GRT,14611,2018-04-03,1438.0,2023/03
617,618,7322,(株)三十三フィナンシャルグループ,東証PRM,49090,2018-04-02,1876.0,2023/03
618,619,7320,日本リビング保証(株),東証GRT,17070,2018-03-30,3335.0,2023/06
619,620,3490,(株)アズ企画設計,東証STD,3328,2018-03-29,2791.0,2023/02
620,621,9271,(株)和心,東証GRT,2697,2018-03-29,428.0,2022/12
621,622,6573,アジャイルメディア・ネットワーク(株),東証GRT,5978,2018-03-28,269.0,2022/12
622,623,6572,ＲＰＡホールディングス(株),東証PRM,16181,2018-03-27,260.0,2023/02
623,624,6571,キュービーネットホールディングス(株),東証PRM,19437,2018-03-23,1483.0,2023/06
624,625,9450,(株)ファイバーゲート,東証PRM,19294,2018-03-23,937.0,2023/06
625,626,9270,バリュエンスホールディングス(株),東証GRT,14440,2018-03-22,1067.0,2023/08
626,627,3447,信和(株),東証STD,10789,2018-03-20,765.0,2023/03
627,628,6570,(株)共和コーポレーション,東証STD,5557,2018-03-19,914.0,2023/03
628,629,3489,(株)フェイスネットワーク,東証STD,15548,2018-03-16,1561.0,2023/03
629,630,6568,神戸天然物化学(株),東証GRT,10744,2018-03-15,1381.0,2023/03
630,631,6567,(株)ＳＥＲＩＯホールディングス,東証GRT,5538,2018-03-02,875.0,2023/05
631,632,3446,(株)ジェイテックコーポレーション,東証PRM,12048,2018-02-28,2049.0,2023/06
632,633,4380,(株)Ｍマート,東証GRT,6749,2018-02-23,1380.0,2023/01
633,634,3488,ザイマックス・リート投資法人,東証,29708,2018-02-15,119000.0,---
634,635,3487,CREロジスティクスファンド投資法人,東証,95975,2018-02-07,152900.0,---
635,636,1443,技研ホールディングス(株),東証STD,3507,2018-01-09,216.0,2023/03
636,637,9268,(株)オプティマスグループ,東証STD,50120,2017-12-26,3095.0,2023/03
637,638,6565,ＡＢホテル(株),東証STD,27501,2017-12-25,1940.0,2023/03
638,639,6566,(株)要興業,東証STD,13411,2017-12-25,845.0,2023/03
639,640,6564,(株)ミダックホールディングス,東証PRM,46604,2017-12-22,1678.0,2023/03
640,641,7199,プレミアグループ(株),東証PRM,67509,2017-12-21,1674.0,2023/03
641,642,9267,Ｇｅｎｋｙ　ＤｒｕｇＳｔｏｒｅｓ(株),東証PRM,98348,2017-12-21,6350.0,2023/06
642,643,4249,森六ホールディングス(株),東証PRM,43705,2017-12-20,2827.0,2023/03
643,644,6235,(株)オプトラン,東証PRM,80820,2017-12-20,1822.0,2022/12
644,645,6563,(株)みらいワークス,東証GRT,4335,2017-12-19,824.0,2023/09
645,646,3540,(株)歯愛メディカル,東証STD,42250,2017-12-18,4225.0,2022/12
646,647,3998,(株)すららネット,東証GRT,2899,2017-12-18,433.0,2023/12
647,648,6562,(株)ジーニー,東証GRT,16518,2017-12-18,915.0,2023/03
648,649,2334,(株)イオレ,東証GRT,2689,2017-12-15,1015.0,2023/03
649,650,6561,(株)ＨＡＮＡＴＯＵＲ　ＪＡＰＡＮ,東証GRT,22860,2017-12-15,1805.0,2022/12
650,651,6560,(株)エル・ティー・エス,東証PRM,12937,2017-12-14,2835.0,2022/12
651,652,7198,ＳＢＩアルヒ(株),東証PRM,40912,2017-12-14,915.0,2023/03
652,653,3486,(株)グローバル・リンク・マネジメント,東証PRM,20015,2017-12-13,2503.0,2022/12
653,654,3611,(株)マツオカコーポレーション,東証STD,15577,2017-12-13,1545.0,2023/03
654,655,6698,ヴィスコ・テクノロジーズ(株),東証STD,3972,2017-12-13,616.0,2023/03
655,656,9143,ＳＧホールディングス(株),東証PRM,1218671,2017-12-13,1903.0,2023/03
656,657,8919,(株)カチタス,東証PRM,153605,2017-12-12,1953.0,2023/03
657,658,9265,ヤマシタヘルスケアホールディングス(株),東証STD,5680,2017-12-01,2225.0,2023/05
658,659,3997,(株)トレードワークス,東証STD,3046,2017-11-29,885.0,2022/12
659,660,6558,クックビズ(株),東証GRT,4161,2017-11-28,1491.0,2023/11
660,661,7807,(株)幸和製作所,東証STD,6487,2017-11-28,1297.0,2023/02
661,662,9264,ポエック(株),東証STD,8394,2017-11-28,1805.0,2023/08
662,663,3996,サインポスト(株),東証STD,6547,2017-11-21,512.0,2023/02
663,664,7808,(株)シー・エス・ランバー,東証STD,6660,2017-11-15,3600.0,2023/05
664,665,7196,(株)Ｃａｓａ,東証STD,9421,2017-10-31,830.0,2023/01
665,666,3995,(株)ＳＫＩＹＡＫＩ,東証GRT,4014,2017-10-26,371.0,2023/01
666,667,3484,(株)テンポイノベーション,東証PRM,16543,2017-10-25,936.0,2023/03
667,668,9262,(株)シルバーライフ,東証STD,8859,2017-10-25,817.0,2023/07
668,669,4124,大阪油化工業(株),東証STD,1542,2017-10-05,1436.0,2023/09
669,670,6555,(株)ＭＳ＆Ｃｏｎｓｕｌｔｉｎｇ,東証STD,2732,2017-10-05,596.0,2023/02
670,671,6556,ウェルビー(株),東証PRM,29876,2017-10-05,1084.0,2023/03
671,672,3994,(株)マネーフォワード,東証PRM,331245,2017-09-29,6098.0,2023/11
672,673,6697,テックポイント,東証GRT外国,0,2017-09-29,1275.0,2022/12
673,674,9260,西本Ｗｉｓｍｅｔｔａｃホールディングス(株),東証PRM,89133,2017-09-29,6210.0,2022/12
674,675,3482,ロードスターキャピタル(株),東証PRM,41666,2017-09-28,1943.0,2022/12
675,676,7809,(株)壽屋,東証STD,14719,2017-09-26,1743.0,2023/06
676,677,3993,(株)ＰＫＳＨＡ　Ｔｅｃｈｎｏｌｏｇｙ,東証STD,139773,2017-09-22,4375.0,2023/09
677,678,3992,(株)ニーズウェル,東証PRM,17501,2017-09-20,860.0,2023/09
678,679,3481,三菱地所物流リート投資法人,東証,183772,2017-09-14,365000.0,---
679,680,3991,ウォンテッドリー(株),東証GRT,13040,2017-09-14,1373.0,2023/08
680,681,6554,(株)エスユーエス,東証GRT,7130,2017-09-13,789.0,2023/09
681,682,3990,ＵＵＵＭ(株),東証GRT,7998,2017-08-30,400.0,2023/05
682,683,6696,(株)トラース・オン・プロダクト,東証GRT,1286,2017-08-09,267.0,2023/01
683,684,3989,シェアリングテクノロジー(株),東証GRT,14255,2017-08-03,629.0,2023/09
684,685,3480,(株)ジェイ・エス・ビー,東証PRM,59185,2017-07-20,2716.0,2023/10
685,686,7810,(株)クロスフォー,東証STD,3584,2017-07-20,202.0,2023/07
686,687,3566,ユニフォームネクスト(株),東証GRT,6035,2017-07-19,604.0,2023/12
687,688,3988,(株)ＳＹＳホールディングス,東証STD,5132,2017-06-30,976.0,2023/07
688,689,6551,(株)ツナググループ・ホールディングス,東証STD,7748,2017-06-30,900.0,2023/09
689,690,6552,(株)ＧａｍｅＷｉｔｈ,東証STD,5596,2017-06-30,305.0,2023/05
690,691,6550,Ｕｎｉｐｏｓ(株),東証GRT,2030,2017-06-27,156.0,2023/03
691,692,3987,エコモット(株),東証GRT,2211,2017-06-21,419.0,2023/08
692,693,6549,ディーエムソリューションズ(株),東証STD,3456,2017-06-20,1230.0,2023/03
693,694,3986,(株)ビーブレイクシステムズ,東証GRT,2293,2017-06-15,1492.0,2023/06
694,695,3565,アセンテック(株),東証STD,7878,2017-04-25,582.0,2023/01
695,696,6548,(株)旅工房,東証GRT,4415,2017-04-18,223.0,2023/03
696,697,7940,ウェーブロックホールディングス(株),東証STD,7662,2017-04-10,689.0,2023/03
697,698,3985,テモナ(株),東証STD,2742,2017-04-06,240.0,2023/09
698,699,3563,(株)ＦＯＯＤ　＆　ＬＩＦＥ　ＣＯＭＰＡＮＩＥＳ,東証PRM,356347,2017-03-30,3070.0,2023/09
699,700,3984,(株)ユーザーローカル,東証PRM,34422,2017-03-30,2130.0,2023/06
700,701,3964,(株)オークネット,東証PRM,52250,2017-03-29,2110.0,2022/12
701,702,3562,(株)Ｎｏ．１,東証STD,6829,2017-03-28,982.0,2023/02
702,703,6694,(株)ズーム,東証STD,4655,2017-03-28,1013.0,2022/12
703,704,3479,(株)ティーケーピー,東証GRT,69458,2017-03-27,1640.0,2023/02
704,705,3983,(株)オロ,東証PRM,45351,2017-03-24,2807.0,2022/12
705,706,4597,ソレイジア・ファーマ(株),東証GRT,7498,2017-03-24,43.0,2022/12
706,707,6547,(株)グリーンズ,東証STD,28506,2017-03-23,2054.0,2023/06
707,708,3978,(株)マクロミル,東証PRM,31615,2017-03-22,781.0,2023/06
708,709,6546,フルテック(株),東証STD,6012,2017-03-22,1120.0,2022/12
709,710,3561,(株)力の源ホールディングス,東証PRM,43381,2017-03-21,1439.0,2023/03
710,711,6545,(株)インターネットインフィニティー,東証GRT,2117,2017-03-21,390.0,2023/03
711,712,3981,(株)ビーグリー,東証STD,7936,2017-03-17,1267.0,2022/12
712,713,6544,ジャパンエレベーターサービスホールディングス(株),東証PRM,192118,2017-03-17,2157.0,2023/03
713,714,3560,(株)ほぼ日,東証STD,8134,2017-03-16,3505.0,2023/08
714,715,3979,(株)うるる,東証GRT,11427,2017-03-16,1650.0,2023/03
715,716,9325,ファイズホールディングス(株),東証STD,14438,2017-03-15,1334.0,2023/03
716,717,3559,(株)ピーバンドットコム,東証STD,1980,2017-03-09,397.0,2023/03
717,718,3558,ジェイドグループ(株),東証GRT,23744,2017-03-07,2067.0,2023/02
718,719,3557,ユナイテッド＆コレクティブ(株),東証GRT,4660,2017-02-23,1210.0,2023/02
719,720,3977,フュージョン(株),札幌ア,792,2017-02-23,550.0,2023/02
720,721,9519,(株)レノバ,東証PRM,99495,2017-02-23,1256.0,2023/03
721,722,6543,(株)日宣,東証STD,2609,2017-02-16,641.0,2023/02
722,723,1439,(株)安江工務店,東証STD,1800,2017-02-10,1332.0,2023/12
723,724,3478,森トラスト・ホテルリート投資法人,東証,66900,2017-02-07,133800.0,---
724,725,3976,(株)シャノン,東証GRT,1374,2017-01-27,433.0,2023/10
725,726,6542,(株)ＦＣホールディングス,東証STD,6098,2017-01-04,889.0,2023/06
726,727,3974,ＳＣＡＴ(株),東証STD,2583,2016-12-27,493.0,2023/10
727,728,3477,フォーライフ(株),東証GRT,2464,2016-12-22,616.0,2023/03
728,729,3969,(株)エイトレッド,東証STD,10572,2016-12-22,1412.0,2023/03
729,730,3968,セグエグループ(株),東証PRM,11275,2016-12-21,962.0,2022/12
730,731,3970,(株)イノベーション,東証GRT,3155,2016-12-21,1210.0,2023/03
731,732,3556,リネットジャパングループ(株),東証GRT,5414,2016-12-20,431.0,2023/09
732,733,6540,(株)船場,東証STD,10678,2016-12-19,1021.0,2022/12
733,734,7192,日本モーゲージサービス(株),東証STD,7764,2016-12-19,528.0,2023/03
734,735,3476,投資法人みらい,東証,84976,2016-12-16,44550.0,---
735,736,7782,(株)シンシア,東証STD,3925,2016-12-16,572.0,2022/12
736,737,6539,(株)ＭＳ－Ｊａｐａｎ,東証PRM,28946,2016-12-15,1158.0,2023/03
737,738,6538,(株)キャリアインデックス,東証STD,3984,2016-12-14,190.0,2023/03
738,739,3475,(株)グッドコムアセット,東証PRM,22928,2016-12-08,751.0,2023/10
739,740,7191,(株)イントラスト,東証STD,17776,2016-12-07,795.0,2023/03
740,741,4596,窪田製薬ホールディングス(株),東証GRT,4261,2016-12-06,76.0,2022/12
741,742,3550,(株)スタジオアタオ,東証GRT,3200,2016-11-29,228.0,2023/02
742,743,3967,(株)エルテス,東証GRT,5561,2016-11-29,916.0,2023/02
743,744,5704,(株)ＪＭＣ,東証GRT,6736,2016-11-29,1224.0,2022/12
744,745,6537,ＷＡＳＨハウス(株),東証GRT,2258,2016-11-22,326.0,2023/12
745,746,3549,(株)クスリのアオキホールディングス,東証PRM,283793,2016-11-21,3000.0,2023/05
746,747,3267,(株)フィル・カンパニー,東証STD,4547,2016-11-18,787.0,2023/11
747,748,1438,(株)岐阜造園,東証STD,5358,2016-11-01,1672.0,2023/09
748,749,3548,(株)バロックジャパンリミテッド,東証PRM,30111,2016-11-01,821.0,2023/02
749,750,6535,(株)アイモバイル,東証PRM,26166,2016-10-27,450.0,2023/07
750,751,9142,九州旅客鉄道(株),東証PRM,524758,2016-10-25,3336.0,2023/03
751,752,4189,ＫＨネオケム(株),東証PRM,87152,2016-10-12,2346.0,2023/12
752,753,3965,(株)キャピタル・アセット・プランニング,東証STD,4348,2016-10-07,758.0,2023/09
753,754,7189,(株)西日本フィナンシャルホールディングス,東証PRM,241173,2016-10-03,1623.0,2023/03
754,755,3474,Ｇ－ＦＡＣＴＯＲＹ(株),東証GRT,2753,2016-09-30,406.0,2022/12
755,756,3963,(株)シンクロ・フード,東証PRM,18046,2016-09-29,671.0,2023/03
756,757,3961,シルバーエッグ・テクノロジー(株),東証GRT,2344,2016-09-27,790.0,2023/12
757,758,3962,(株)チェンジホールディングス,東証PRM,98740,2016-09-27,1353.0,2023/03
758,759,3940,(株)ノムラシステムコーポレーション,東証STD,5295,2016-09-16,114.0,2022/12
759,760,3547,(株)串カツ田中ホールディングス,東証STD,16980,2016-09-14,1801.0,2023/11
760,761,3939,(株)カナミックネットワーク,東証PRM,20119,2016-09-14,418.0,2023/09
761,762,6533,(株)Ｏｒｃｈｅｓｔｒａ　Ｈｏｌｄｉｎｇｓ,東証PRM,9327,2016-09-14,950.0,2022/12
762,763,6532,(株)ベイカレント・コンサルティング,東証PRM,495452,2016-09-02,3188.0,2023/02
763,764,3546,アレンザホールディングス(株),東証PRM,36111,2016-09-01,1196.0,2023/02
764,765,3472,大江戸温泉リート投資法人,東証,17486,2016-08-31,74300.0,---
765,766,3544,サツドラホールディングス(株),東証STD,11589,2016-08-16,814.0,2023/05
766,767,3471,三井不動産ロジスティクスパーク投資法人,東証,270560,2016-08-02,445000.0,---
767,768,3470,マリモ地方創生リート投資法人,東証,29416,2016-07-29,124000.0,---
768,769,3469,(株)デュアルタップ,東証STD,1418,2016-07-21,413.0,2023/06
769,770,6200,(株)インソース,東証PRM,65126,2016-07-21,764.0,2023/09
770,771,6199,(株)セラク,東証STD,15687,2016-07-01,1121.0,2023/08
771,772,3543,(株)コメダホールディングス,東証PRM,127774,2016-06-29,2764.0,2023/02
772,773,6197,(株)ソラスト,東証PRM,48792,2016-06-29,515.0,2023/03
773,774,3542,(株)ベガコーポレーション,東証GRT,6887,2016-06-28,647.0,2023/03
774,775,6198,(株)キャリア,東証GRT,3381,2016-06-27,392.0,2023/09
775,776,6193,バーチャレクス・ホールディングス(株),東証GRT,3223,2016-06-23,1078.0,2023/03
776,777,7187,ジェイリース(株),東証PRM,22384,2016-06-22,2504.0,2023/03
777,778,3937,(株)Ｕｂｉｃｏｍホールディングス,東証PRM,15685,2016-06-21,1319.0,2023/03
778,779,6196,(株)ストライク,東証PRM,95513,2016-06-21,4935.0,2023/09
779,780,2820,(株)やまみ,東証STD,26372,2016-06-17,3785.0,2023/06
780,781,3541,(株)農業総合研究所,東証GRT,6101,2016-06-16,277.0,2023/08
781,782,6194,(株)アトラエ,東証PRM,15015,2016-06-15,552.0,2023/09
782,783,6195,(株)ホープ,東証GRT,4197,2016-06-15,255.0,2023/03
783,784,3539,(株)ＪＭホールディングス,東証PRM,63711,2016-04-21,2388.0,2023/07
784,785,3468,スターアジア不動産投資法人,東証,139711,2016-04-20,58900.0,---
785,786,3936,(株)グローバルウェイ,東証GRT,5351,2016-04-19,147.0,2023/03
786,787,3935,(株)エディア,東証GRT,2310,2016-04-15,377.0,2023/02
787,788,3504,(株)丸八ホールディングス,名証MN,16828,2016-04-08,1015.0,2023/03
788,789,2296,伊藤ハム米久ホールディングス(株),東証PRM,236781,2016-04-01,4120.0,2023/03
789,790,6236,ＮＣホールディングス(株),東証STD,7347,2016-04-01,1568.0,2023/03
790,791,7186,(株)コンコルディア・フィナンシャルグループ,東証PRM,825273,2016-04-01,700.8,2023/03
791,792,3922,(株)ＰＲ　ＴＩＭＥＳ,東証PRM,29770,2016-03-31,2212.0,2023/02
792,793,6191,(株)エアトリ,東証PRM,39986,2016-03-31,1787.0,2023/09
793,794,3538,(株)ウイルプラスホールディングス,東証STD,10338,2016-03-24,1001.0,2023/06
794,795,3934,(株)ベネフィットジャパン,東証STD,7236,2016-03-24,1211.0,2023/03
795,796,3933,チエル(株),東証STD,4895,2016-03-22,622.0,2023/03
796,797,3467,アグレ都市デザイン(株),東証STD,9126,2016-03-18,1586.0,2023/03
797,798,6189,(株)グローバルキッズＣＯＭＰＡＮＹ,東証STD,6152,2016-03-18,651.0,2023/09
798,799,6190,(株)フェニックスバイオ,東証GRT,1917,2016-03-18,476.0,2023/03
799,800,6237,(株)イワキ,東証PRM,53798,2016-03-18,2392.0,2023/03
800,801,7185,ヒロセ通商(株),東証STD,21431,2016-03-18,3130.0,2023/03
801,802,9466,(株)アイドママーケティングコミュニケーション,東証STD,3177,2016-03-18,235.0,2023/03
802,803,3932,(株)アカツキ,東証PRM,33496,2016-03-17,2362.0,2023/03
803,804,3537,昭栄薬品(株),東証STD,5369,2016-03-16,1500.0,2023/03
804,805,6188,富士ソフトサービスビューロ(株),東証STD,8289,2016-03-15,614.0,2022/12
805,806,6615,ユー・エム・シー・エレクトロニクス(株),東証PRM,9812,2016-03-15,347.0,2023/03
806,807,7184,(株)富山第一銀行,東証PRM,53441,2016-03-15,831.0,2023/03
807,808,1436,(株)フィット,東証GRT,3762,2016-03-11,878.0,2023/04
808,809,2424,(株)ブラス,東証STD,3934,2016-03-09,689.0,2023/07
809,810,2884,(株)ヨシムラ・フード・ホールディングス,東証PRM,28127,2016-03-04,1178.0,2023/02
810,811,7811,中本パックス(株),東証STD,15228,2016-03-03,1707.0,2023/02
811,812,3931,(株)バリューゴルフ,東証GRT,1850,2016-03-02,1024.0,2023/01
812,813,3536,アクサスホールディングス(株),東証STD,4033,2016-03-01,133.0,2023/08
813,814,3930,(株)はてな,東証GRT,2269,2016-02-24,740.0,2023/07
814,815,3466,ラサールロジポート投資法人,東証,279453,2016-02-17,149600.0,---
815,816,6186,(株)一蔵,東証STD,3205,2015-12-25,581.0,2023/03
816,817,3465,ケイアイスター不動産(株),東証PRM,52981,2015-12-24,3340.0,2023/03
817,818,3929,ソーシャルワイヤー(株),東証GRT,1680,2015-12-24,275.0,2023/03
818,819,6185,ＳＭＮ(株),東証STD,5206,2015-12-22,354.0,2023/03
819,820,3928,(株)マイネット,東証STD,2395,2015-12-21,275.0,2022/12
820,821,9416,(株)ビジョン,東証PRM,57930,2015-12-21,1147.0,2022/12
821,822,3419,アートグリーン(株),名証NXT,2184,2015-12-18,1864.0,2023/10
822,823,3927,(株)フーバーブレイン,東証GRT,3730,2015-12-18,666.0,2023/03
823,824,6238,フリュー(株),東証PRM,37322,2015-12-18,1319.0,2023/03
824,825,3926,(株)オープンドア,東証PRM,26071,2015-12-17,834.0,2023/03
825,826,4595,(株)ミズホメディー,東証STD,34102,2015-12-17,3580.0,2023/12
826,827,6464,(株)ツバキ・ナカシマ,東証PRM,32448,2015-12-16,780.0,2023/12
827,828,3925,(株)ダブルスタンダード,東証PRM,22461,2015-12-15,1654.0,2023/03
828,829,3924,(株)ランドコンピュータ,東証PRM,15686,2015-12-11,873.0,2023/03
829,830,3923,(株)ラクス,東証PRM,445973,2015-12-09,2461.0,2023/03
830,831,6184,(株)鎌倉新書,東証PRM,22878,2015-12-04,586.0,2023/01
831,832,1435,(株)Ｒｏｂｏｔ　Ｈｏｍｅ,東証STD,15400,2015-12-03,169.0,2022/12
832,833,3463,いちごホテルリート投資法人,東証,37170,2015-11-30,113500.0,---
833,834,3921,(株)ネオジャパン,東証PRM,15183,2015-11-27,1018.0,2023/01
834,835,6183,(株)ベルシステム２４ホールディングス,東証PRM,136444,2015-11-20,1850.0,2023/02
835,836,6182,(株)メタリアル,東証GRT,14570,2015-11-19,1353.0,2023/02
836,837,7183,あんしん保証(株),東証STD,4386,2015-11-19,244.0,2023/03
837,838,6178,日本郵政(株),東証PRM,4957953,2015-11-04,1432.5,2023/03
838,839,7181,(株)かんぽ生命保険,東証PRM,1080027,2015-11-04,2818.5,2023/03
839,840,7182,(株)ゆうちょ銀行,東証PRM,5354052,2015-11-04,1480.0,2023/03
840,841,3418,(株)バルニバービ,東証GRT,11370,2015-10-28,1260.0,2023/07
841,842,6181,タメニー(株),東証GRT,2942,2015-10-27,112.0,2023/03
842,843,6180,ＧＭＯメディア(株),東証GRT,6373,2015-10-23,3410.0,2023/12
843,844,4594,ブライトパス・バイオ(株),東証GRT,4798,2015-10-22,74.0,2023/03
844,845,6177,ＡｐｐＢａｎｋ(株),東証GRT,1091,2015-10-15,99.0,2022/12
845,846,3462,野村不動産マスターファンド投資法人,東証,734628,2015-10-02,155800.0,---
846,847,3417,大木ヘルスケアホールディングス(株),東証STD,14987,2015-10-01,1065.0,2023/03
847,848,5021,コスモエネルギーホールディングス(株),東証PRM,541697,2015-10-01,6131.0,2023/03
848,849,7180,(株)九州フィナンシャルグループ,東証PRM,436083,2015-10-01,941.1,2023/03
849,850,9099,(株)Ｃ＆Ｆロジホールディングス,東証PRM,44753,2015-10-01,1742.0,2023/03
850,851,6176,(株)ブランジスタ,東証GRT,10509,2015-09-17,721.0,2023/09
851,852,3920,アイビーシー(株),東証STD,2747,2015-09-15,480.0,2023/09
852,853,3416,ピクスタ(株),東証GRT,1920,2015-09-14,836.0,2022/12
853,854,1434,ＪＥＳＣＯホールディングス(株),東証STD,6601,2015-09-08,952.0,2023/08
854,855,1433,ベステラ(株),東証PRM,8828,2015-09-02,982.0,2023/01
855,856,3415,(株)ＴＯＫＹＯ　ＢＡＳＥ,東証PRM,13898,2015-09-02,303.0,2023/01
856,857,6173,(株)アクアライン,東証GRT,1995,2015-08-31,535.0,2023/02
857,858,3139,(株)ラクト・ジャパン,東証PRM,21978,2015-08-28,2205.0,2023/11
858,859,6171,(株)土木管理総合試験所,東証STD,4636,2015-08-26,326.0,2023/12
859,860,3461,(株)パルマ,東証GRT,2485,2015-08-11,368.0,2023/09
860,861,1431,(株)Ｌｉｂ　Ｗｏｒｋ,東証GRT,18121,2015-08-05,778.0,2023/06
861,862,3918,ＰＣＩホールディングス(株),東証STD,9728,2015-08-04,961.0,2023/09
862,863,6049,(株)イトクロ,東証GRT,6940,2015-07-30,306.0,2023/10
863,864,3460,ジャパン・シニアリビング投資法人,東証,13391,2015-07-29,158000.0,---
864,865,4980,デクセリアルズ(株),東証PRM,340353,2015-07-29,5564.0,2023/03
865,866,3917,(株)アイリッジ,東証GRT,3762,2015-07-16,525.0,2023/03
866,867,7781,(株)平山ホールディングス,東証STD,7928,2015-07-10,1008.0,2023/06
867,868,7812,(株)クレステック,東証STD,6495,2015-07-08,1999.0,2023/06
868,869,3138,(株)富士山マガジンサービス,東証GRT,2321,2015-07-07,700.0,2022/12
869,870,3459,サムティ・レジデンシャル投資法人,東証,88737,2015-06-30,105800.0,---
870,871,6239,(株)ナガオカ,東証STD,9315,2015-06-29,1316.0,2023/06
871,872,3137,(株)ファンデリー,東証GRT,1899,2015-06-25,294.0,2023/03
872,873,6167,冨士ダイス(株),東証PRM,14100,2015-06-25,705.0,2023/03
873,874,7780,(株)メニコン,東証PRM,149801,2015-06-25,1955.0,2023/03
874,875,3136,(株)エコノス,札幌ア,778,2015-06-24,600.0,2023/03
875,876,6166,(株)中村超硬,東証GRT,3934,2015-06-24,357.0,2023/03
876,877,3916,デジタル・インフォメーション・テクノロジー(株),東証PRM,27810,2015-06-18,1794.0,2023/06
877,878,3135,(株)マーケットエンタープライズ,東証PRM,5383,2015-06-17,1010.0,2023/06
878,879,4593,(株)ヘリオス,東証GRT,9094,2015-06-16,122.0,2022/12
879,880,9417,(株)スマートバリュー,東証STD,4272,2015-06-16,400.0,2023/06
880,881,3915,(株)テラスカイ,東証PRM,19107,2015-04-30,1485.0,2023/02
881,882,6048,(株)デザインワン・ジャパン,東証STD,2033,2015-04-30,134.0,2023/08
882,883,3914,ＪＩＧ－ＳＡＷ(株),東証GRT,31966,2015-04-28,4735.0,2023/12
883,884,6046,(株)リンクバル,東証GRT,3218,2015-04-28,165.0,2023/09
884,885,6047,(株)Ｇｕｎｏｓｙ,東証PRM,17233,2015-04-28,711.0,2023/05
885,886,6044,(株)三機サービス,東証STD,8664,2015-04-24,1316.0,2023/05
886,887,6045,(株)レントラックス,東証GRT,3493,2015-04-24,438.0,2023/03
887,888,6040,日本スキー場開発(株),東証GRT,15795,2015-04-22,987.0,2023/07
888,889,3458,(株)シーアールイー,東証PRM,39594,2015-04-21,1349.0,2023/07
889,890,3134,Ｈａｍｅｅ(株),東証STD,17208,2015-04-20,1057.0,2023/04
890,891,3133,(株)海帆,東証GRT,45291,2015-04-17,899.0,2023/03
891,892,4592,サンバイオ(株),東証GRT,45512,2015-04-08,680.0,2023/01
892,893,3132,マクニカホールディングス(株),東証PRM,518809,2015-04-01,8525.0,2023/03
893,894,7177,ＧＭＯフィナンシャルホールディングス(株),東証STD,84732,2015-04-01,694.0,2023/12
894,895,3913,(株)ｓＭｅｄｉｏ,東証GRT,1578,2015-03-27,672.0,2022/12
895,896,3912,(株)モバイルファクトリー,東証STD,6346,2015-03-26,711.0,2023/12
896,897,6039,(株)日本動物高度医療センター,東証GRT,5128,2015-03-26,1808.0,2023/03
897,898,7813,(株)プラッツ,東証GRT,2519,2015-03-26,676.0,2023/06
898,899,3131,シンデン・ハイテックス(株),東証STD,6404,2015-03-25,3035.0,2023/03
899,900,3457,(株)Ａｎｄ　Ｄｏホールディングス,東証PRM,21988,2015-03-25,1105.0,2023/06
900,901,3911,(株)Ａｉｍｉｎｇ,東証GRT,9479,2015-03-25,236.0,2022/12
901,902,1430,ファーストコーポレーション(株),東証STD,10557,2015-03-24,790.0,2023/05
902,903,3445,(株)ＲＳ　Ｔｅｃｈｎｏｌｏｇｉｅｓ,東証PRM,76494,2015-03-24,2902.0,2022/12
903,904,6038,(株)イード,東証GRT,3650,2015-03-24,721.0,2023/06
904,905,3223,(株)エスエルディー,東証STD,1592,2015-03-19,1020.0,2023/02
905,906,3224,(株)ゼネラル・オイスター,東証GRT,7504,2015-03-19,1863.0,2023/03
906,907,3455,ヘルスケア＆メディカル投資法人,東証,47238,2015-03-19,131400.0,---
907,908,3909,(株)ショーケース,東証STD,2880,2015-03-19,336.0,2022/12
908,909,3908,(株)コラボス,東証GRT,1605,2015-03-17,335.0,2023/03
909,910,3910,(株)エムケイシステム,東証STD,1894,2015-03-17,349.0,2023/03
910,911,3222,ユナイテッド・スーパーマーケット・ホールディングス(株),東証STD,131681,2015-03-02,1000.0,2023/02
911,912,3907,シリコンスタジオ(株),東証GRT,2959,2015-02-23,995.0,2023/11
912,913,1384,(株)ホクリヨウ,東証STD,9017,2015-02-20,1066.0,2023/03
913,914,3454,ファーストブラザーズ(株),東証STD,18157,2015-02-18,1257.0,2023/11
914,915,6037,(株)ファーストロジック,東証STD,11821,2015-02-18,499.0,2023/07
915,916,6036,ＫｅｅＰｅｒ技研(株),東証PRM,183260,2015-02-12,6480.0,2023/06
916,917,3453,ケネディクス商業リート投資法人,東証,161383,2015-02-10,268000.0,---
917,918,6035,(株)アイ・アールジャパンホールディングス,東証PRM,23691,2015-02-02,1328.0,2023/03
918,919,7814,(株)日本創発グループ,東証STD,30447,2015-01-05,597.0,2022/12
919,920,6034,ＭＲＴ(株),東証GRT,5682,2014-12-26,994.0,2022/12
920,921,3904,(株)カヤック,東証GRT,12694,2014-12-25,788.0,2022/12
921,922,6033,(株)エクストリーム,東証GRT,7137,2014-12-25,1297.0,2023/03
922,923,7815,東京ボード工業(株),東証STD,2079,2014-12-25,568.0,2023/03
923,924,3199,綿半ホールディングス(株),東証PRM,29179,2014-12-24,1464.0,2023/03
924,925,3221,(株)ヨシックスホールディングス,東証PRM,29954,2014-12-24,2891.0,2023/03
925,926,3905,データセクション(株),東証GRT,9124,2014-12-24,610.0,2023/03
926,927,9517,イーレックス(株),東証PRM,49053,2014-12-22,825.0,2023/03
927,928,6031,サイジニア(株),東証GRT,9177,2014-12-19,717.0,2023/06
928,929,9551,メタウォーター(株),東証PRM,99754,2014-12-19,2180.0,2023/03
929,930,2883,(株)大冷,東証STD,11662,2014-12-18,1941.0,2023/03
930,931,3903,(株)ｇｕｍｉ,東証PRM,15750,2014-12-18,398.0,2023/04
931,932,6030,(株)アドベンチャー,東証GRT,37134,2014-12-18,4935.0,2023/06
932,933,2586,(株)フルッタフルッタ,東証GRT,1328,2014-12-17,38.0,2023/03
933,934,4248,竹本容器(株),東証STD,9773,2014-12-17,780.0,2023/12
934,935,7175,今村証券(株),東証STD,5996,2014-12-17,1127.0,2023/03
935,936,3198,ＳＦＰホールディングス(株),東証PRM,54363,2014-12-16,2108.0,2023/02
936,937,3901,マークラインズ(株),東証PRM,42817,2014-12-16,3240.0,2023/12
937,938,3902,メディカル・データ・ビジョン(株),東証PRM,24817,2014-12-16,620.0,2022/12
938,939,6029,アトラグループ(株),東証STD,1891,2014-12-16,186.0,2022/12
939,940,9418,(株)ＵＳＥＮ－ＮＥＸＴ　ＨＯＬＤＩＮＧＳ,東証PRM,256734,2014-12-16,4270.0,2023/08
940,941,6028,テクノプロ・ホールディングス(株),東証PRM,356236,2014-12-15,3320.0,2023/06
941,942,3900,(株)クラウドワークス,東証GRT,26262,2014-12-12,1692.0,2023/09
942,943,3452,(株)ビーロット,東証STD,20734,2014-12-11,1035.0,2022/12
943,944,6026,ＧＭＯ　ＴＥＣＨ(株),東証GRT,4931,2014-12-11,4480.0,2022/12
944,945,6027,弁護士ドットコム(株),東証GRT,88374,2014-12-11,3950.0,2023/03
945,946,7816,(株)スノーピーク,東証PRM,33067,2014-12-11,867.0,2022/12
946,947,3309,積水ハウス・リート投資法人,東証,339565,2014-12-03,77500.0,---
947,948,3451,トーセイ・リート投資法人,東証,52892,2014-11-27,140500.0,---
948,949,3698,(株)ＣＲＩ・ミドルウェア,東証GRT,4608,2014-11-27,826.0,2023/09
949,950,6025,日本ＰＣサービス(株),名証NXT,1326,2014-11-26,762.0,2023/08
950,951,3697,(株)ＳＨＩＦＴ,東証PRM,486050,2014-11-13,27265.0,2023/08
951,952,6099,(株)エラン,東証PRM,61812,2014-11-07,1020.0,2022/12
952,953,3308,日本ヘルスケア投資法人,東証,13150,2014-11-05,176200.0,---
953,954,9467,(株)アルファポリス,東証GRT,19181,2014-10-30,1980.0,2023/03
954,955,3694,(株)オプティム,東証PRM,50739,2014-10-22,920.0,2023/03
955,956,3696,(株)セレス,東証PRM,18564,2014-10-22,1549.0,2023/12
956,957,3695,ＧＭＯリサーチ(株),東証GRT,4570,2014-10-21,2725.0,2023/12
957,958,6098,(株)リクルートホールディングス,東証PRM,10652325,2014-10-16,6281.0,2023/03
958,959,3197,(株)すかいらーくホールディングス,東証PRM,549759,2014-10-09,2416.5,2022/12
959,960,6240,ヤマシンフィルタ(株),東証PRM,26439,2014-10-08,367.0,2023/03
960,961,2060,フィード・ワン(株),東証PRM,38054,2014-10-01,989.0,2023/03
961,962,7173,(株)東京きらぼしフィナンシャルグループ,東証PRM,124746,2014-10-01,4070.0,2023/03
962,963,9468,(株)ＫＡＤＯＫＡＷＡ,東証PRM,422517,2014-10-01,2980.0,2023/03
963,964,3196,(株)ホットランド,東証PRM,43246,2014-09-30,1997.0,2022/12
964,965,3692,(株)ＦＦＲＩセキュリティ,東証GRT,11785,2014-09-30,1439.0,2023/03
965,966,4591,(株)リボミック,東証GRT,3605,2014-09-25,101.0,2023/03
966,967,3195,(株)ジェネレーションパス,東証GRT,1912,2014-09-24,231.0,2023/10
967,968,3300,(株)アンビション　ＤＸ　ホールディングス,東証GRT,5498,2014-09-19,800.0,2023/06
968,969,3691,(株)デジタルプラス,東証GRT,1901,2014-09-18,515.0,2023/09
969,970,3690,(株)イルグルム,東証GRT,4091,2014-09-17,642.0,2023/09
970,971,7172,(株)ジャパンインベストメントアドバイザー,東証PRM,46653,2014-09-11,940.0,2023/12
971,972,3193,(株)鳥貴族ホールディングス,東証PRM,45501,2014-07-10,3915.0,2023/07
972,973,3688,(株)ＣＡＲＴＡ　ＨＯＬＤＩＮＧＳ,東証PRM,40145,2014-07-02,1595.0,2022/12
973,974,6095,メドピア(株),東証PRM,14795,2014-06-27,673.0,2023/09
974,975,6096,(株)レアジョブ,東証STD,8990,2014-06-27,915.0,2023/03
975,976,4247,ポバール興業(株),東証STD,3373,2014-06-25,1280.0,2023/03
976,977,4979,ＯＡＴアグリオ(株),東証STD,21059,2014-06-25,1902.0,2022/12
977,978,6094,(株)フリークアウト・ホールディングス,東証GRT,13157,2014-06-24,730.0,2023/09
978,979,3299,(株)ムゲンエステート,東証STD,28259,2014-06-18,1160.0,2022/12
979,980,3297,(株)東武住販,東証STD,3171,2014-05-22,1169.0,2023/05
980,981,3296,日本リート投資法人,東証,150727,2014-04-24,335000.0,---
981,982,3192,(株)白鳩,東証STD,2221,2014-04-23,333.0,2023/02
982,983,3687,(株)フィックスターズ,東証PRM,55531,2014-04-23,1651.0,2023/09
983,984,9024,(株)西武ホールディングス,東証PRM,703532,2014-04-23,2175.0,2023/03
984,985,3191,(株)ジョイフル本田,東証PRM,136483,2014-04-18,1990.0,2023/06
985,986,6616,トレックス・セミコンダクター(株),東証PRM,20590,2014-04-08,1782.0,2023/03
986,987,9090,ＡＺ－ＣＯＭ丸和ホールディングス(株),東証PRM,203389,2014-04-08,1474.0,2023/03
987,988,1333,マルハニチロ(株),東証PRM,152596,2014-04-01,3017.0,2023/03
988,989,6093,(株)エスクロー・エージェント・ジャパン,東証STD,6479,2014-03-28,141.0,2023/02
989,990,3686,(株)ディー・エル・イー,東証STD,7653,2014-03-26,180.0,2023/03
990,991,7779,ＣＹＢＥＲＤＹＮＥ(株),東証GRT,28314,2014-03-26,206.0,2023/03
991,992,3190,(株)ホットマン,東証STD,4293,2014-03-20,590.0,2023/03
992,993,6740,(株)ジャパンディスプレイ,東証PRM,77608,2014-03-19,20.0,2023/03
993,994,6810,マクセル(株),東証PRM,79613,2014-03-18,1602.0,2023/03
994,995,4246,ダイキョーニシカワ(株),東証PRM,54683,2014-03-13,740.0,2023/03
995,996,6092,(株)エンバイオ・ホールディングス,東証GRT,4766,2014-03-12,583.0,2023/03
996,997,9414,日本ＢＳ放送(株),東証STD,16089,2014-03-12,903.0,2023/08
997,998,3683,(株)サイバーリンクス,東証STD,9275,2014-03-06,816.0,2022/12
998,999,3295,ヒューリックリート投資法人,東証,221184,2014-02-07,153600.0,---
999,1000,6091,(株)ウエスコホールディングス,東証STD,9394,2014-02-03,530.0,2023/07
1000,1001,1663,Ｋ＆Ｏエナジーグループ(株),東証PRM,70755,2014-01-06,2497.0,2022/12
1001,1002,6090,ヒューマン・メタボローム・テクノロジーズ(株),東証GRT,3898,2013-12-24,659.0,2023/06
1002,1003,4245,(株)ダイキアクシス,東証STD,9735,2013-12-19,712.0,2022/12
1003,1004,6086,シンメンテホールディングス(株),東証GRT,16499,2013-12-19,1523.0,2023/02
1004,1005,6089,(株)ウィルグループ,東証PRM,25656,2013-12-19,1118.0,2023/03
1005,1006,7167,(株)めぶきフィナンシャルグループ,東証PRM,464046,2013-12-19,426.1,2023/03
1006,1007,3294,(株)イーグランド,東証STD,10034,2013-12-18,1573.0,2023/03
1007,1008,6085,アーキテクツ・スタジオ・ジャパン(株),東証GRT,1274,2013-12-18,519.0,2023/03
1008,1009,6087,(株)アビスト,東証STD,12517,2013-12-18,3145.0,2023/09
1009,1010,6088,(株)シグマクシス・ホールディングス,東証PRM,74372,2013-12-18,1606.0,2023/03
1010,1011,3293,アズマハウス(株),東証STD,6177,2013-12-17,766.0,2023/03
1011,1012,1429,(株)日本アクア,東証PRM,35699,2013-12-13,1027.0,2022/12
1012,1013,3682,エンカレッジ・テクノロジ(株),東証STD,4341,2013-12-11,627.0,2023/03
1013,1014,3681,(株)ブイキューブ,東証PRM,7322,2013-12-10,296.0,2022/12
1014,1015,3680,(株)ホットリンク,東証GRT,6291,2013-12-09,394.0,2022/12
1015,1016,4588,オンコリスバイオファーマ(株),東証GRT,10588,2013-12-06,537.0,2023/12
1016,1017,6082,(株)ライドオンエクスプレスホールディングス,東証STD,11222,2013-12-03,1030.0,2023/03
1017,1018,6083,ＥＲＩホールディングス(株),東証STD,14513,2013-12-02,1853.0,2023/05
1018,1019,6081,アライドアーキテクツ(株),東証GRT,4089,2013-11-29,287.0,2022/12
1019,1020,3292,イオンリート投資法人,東証,288645,2013-11-22,135900.0,---
1020,1021,3679,(株)じげん,東証PRM,56632,2013-11-22,507.0,2023/03
1021,1022,3678,(株)メディアドゥ,東証PRM,18808,2013-11-20,1243.0,2023/02
1022,1023,6080,Ｍ＆Ａキャピタルパートナーズ(株),東証PRM,75968,2013-11-20,2392.0,2023/09
1023,1024,3189,(株)ＡＮＡＰ,東証STD,1199,2013-11-19,219.0,2023/08
1024,1025,3291,飯田グループホールディングス(株),東証PRM,586273,2013-11-01,2091.0,2023/03
1025,1026,3290,Oneリート投資法人,東証,73023,2013-10-09,272000.0,---
1026,1027,6078,(株)バリューＨＲ,東証PRM,37296,2013-10-04,1362.0,2022/12
1027,1028,3289,東急不動産ホールディングス(株),東証PRM,713568,2013-10-01,991.3,2023/03
1028,1029,3676,(株)デジタルハーツホールディングス,東証PRM,25061,2013-10-01,1049.0,2023/03
1029,1030,4275,カーリットホールディングス(株),東証PRM,23882,2013-10-01,993.0,2023/03
1030,1031,7315,(株)ＩＪＴＴ,東証STD,41781,2013-10-01,850.0,2023/03
1031,1032,8370,(株)紀陽銀行,東証PRM,117977,2013-10-01,1753.0,2023/03
1032,1033,5698,(株)エンビプロ・ホールディングス,東証PRM,16066,2013-09-25,532.0,2023/06
1033,1034,3288,(株)オープンハウスグループ,東証PRM,566523,2013-09-20,4698.0,2023/09
1034,1035,3187,(株)サンワカンパニー,東証GRT,9711,2013-09-13,505.0,2023/09
1035,1036,6076,(株)アメイズ,福証,18625,2013-08-13,1225.0,2023/11
1036,1037,3186,(株)ネクステージ,東証PRM,188508,2013-07-30,2334.0,2023/11
1037,1038,3287,星野リゾート・リート投資法人,東証,135701,2013-07-12,531000.0,---
1038,1039,3185,夢展望(株),東証GRT,2490,2013-07-10,169.0,2023/03
1039,1040,2587,サントリー食品インターナショナル(株),東証PRM,1545309,2013-07-03,5001.0,2022/12
1040,1041,3286,トラストホールディングス(株),東証GRT,2946,2013-07-01,566.0,2023/06
1041,1042,3184,ＩＣＤＡホールディングス(株),東証STD,6258,2013-06-27,2980.0,2023/03
1042,1043,6074,(株)ジェイエスエス,東証STD,2214,2013-06-27,550.0,2023/03
1043,1044,4978,(株)リプロセル,東証GRT,14273,2013-06-26,167.0,2023/03
1044,1045,6248,(株)横田製作所,東証STD,2361,2013-06-13,1260.0,2023/03
1045,1046,3285,野村不動産マスターファンド投資法人（旧）,東証,255284,2013-06-12,153300.0,---
1046,1047,4587,ペプチドリーム(株),東証PRM,167258,2013-06-11,1286.5,2022/12
1047,1048,3675,(株)クロス・マーケティンググループ,東証PRM,11483,2013-06-03,575.0,2023/06
1048,1049,3674,(株)オークファン,東証GRT,4380,2013-04-25,405.0,2023/09
1049,1050,1420,サンヨーホームズ(株),東証STD,9528,2013-04-09,755.0,2023/03
1050,1051,3183,ウイン・パートナーズ(株),東証PRM,38953,2013-04-01,1277.0,2023/03
1051,1052,3284,(株)フージャースホールディングス,東証PRM,38652,2013-04-01,1047.0,2023/03
1052,1053,3863,日本製紙(株),東証PRM,138460,2013-04-01,1191.0,2023/03
1053,1054,1419,タマホーム(株),東証PRM,119296,2013-03-27,4050.0,2023/05
1054,1055,3673,(株)ブロードリーフ,東証PRM,57368,2013-03-22,586.0,2023/12
1055,1056,6073,(株)アサンテ,東証PRM,20363,2013-03-19,1649.0,2023/03
1056,1057,7215,(株)ファルテック,東証STD,5196,2013-03-19,554.0,2023/03
1057,1058,2588,(株)プレミアムウォーターホールディングス,東証STD,96370,2013-03-15,3250.0,2023/03
1058,1059,9025,鴻池運輸(株),東証PRM,101717,2013-03-15,1786.0,2023/03
1059,1060,3672,(株)オルトプラス,東証STD,2924,2013-03-14,141.0,2023/09
1060,1061,3182,オイシックス・ラ・大地(株),東証PRM,49437,2013-03-13,1300.0,2023/03
1061,1062,3671,ソフトマックス(株),東証GRT,4536,2013-03-12,756.0,2022/12
1062,1063,3670,協立情報通信(株),東証STD,2103,2013-02-20,1744.0,2023/03
1063,1064,3180,(株)ビューティガレージ,東証PRM,28156,2013-02-14,2208.0,2023/04
1064,1065,3181,(株)買取王国,東証STD,2938,2013-02-14,807.0,2023/02
1065,1066,3283,日本プロロジスリート投資法人,東証,747198,2013-02-14,263200.0,---
1066,1067,4586,(株)メドレックス,東証GRT,5256,2013-02-13,137.0,2023/12
1067,1068,3282,コンフォリア・レジデンシャル投資法人,東証,229626,2013-02-06,303000.0,---
1068,1069,3261,(株)グランディーズ,東証GRT,1415,2012-12-21,389.0,2023/12
1069,1070,3281,ＧＬＰ投資法人,東証,632413,2012-12-21,128400.0,---
1070,1071,6072,地盤ネットホールディングス(株),東証GRT,3611,2012-12-21,156.0,2023/03
1071,1072,2931,(株)ユーグレナ,東証PRM,88612,2012-12-20,658.0,2022/12
1072,1073,3179,シュッピン(株),東証PRM,25204,2012-12-20,1086.0,2023/03
1073,1074,6165,パンチ工業(株),東証STD,10489,2012-12-20,426.0,2023/03
1074,1075,7164,全国保証(株),東証PRM,376453,2012-12-19,5466.0,2023/03
1075,1076,3178,チムニー(株),東証STD,28199,2012-12-14,1458.0,2023/03
1076,1077,3668,(株)コロプラ,東証PRM,75614,2012-12-13,581.0,2023/09
1077,1078,4929,(株)アジュバンホールディングス,東証STD,7521,2012-12-13,935.0,2023/03
1078,1079,3667,(株)ｅｎｉｓｈ,東証STD,3964,2012-12-11,184.0,2023/12
1079,1080,3666,(株)テクノスジャパン,東証STD,12077,2012-12-07,592.0,2023/03
1080,1081,6071,(株)ＩＢＪ,東証PRM,26880,2012-12-06,640.0,2023/12
1081,1082,5932,三協立山(株),東証PRM,28525,2012-12-01,904.0,2023/05
1082,1083,4584,キッズウェル・バイオ(株),東証GRT,4919,2012-11-30,128.0,2023/03
1083,1084,3263,大和ハウスリート投資法人（旧）,東証,224448,2012-11-28,640000.0,---
1084,1085,3280,(株)エストラスト,東証STD,4089,2012-11-21,663.0,2023/02
1085,1086,6070,キャリアリンク(株),東証PRM,32624,2012-11-15,2590.0,2023/03
1086,1087,3177,(株)ありがとうサービス,東証STD,3342,2012-11-12,3505.0,2023/02
1087,1088,3176,三洋貿易(株),東証PRM,37826,2012-10-23,1304.0,2023/09
1088,1089,3896,阿波製紙(株),東証STD,4995,2012-10-23,491.0,2023/03
1089,1090,6069,トレンダーズ(株),東証GRT,7595,2012-10-19,955.0,2023/03
1090,1091,9386,日本コンセプト(株),東証PRM,24367,2012-10-04,1757.0,2022/12
1091,1092,5703,日本軽金属ホールディングス(株),東証PRM,106815,2012-10-01,1723.0,2023/03
1092,1093,6617,(株)東光高岳,東証PRM,39372,2012-10-01,2419.0,2023/03
1093,1094,7161,(株)じもとホールディングス,東証STD,14574,2012-10-01,543.0,2023/03
1094,1095,7162,アストマックス(株),東証STD,3066,2012-10-01,233.0,2023/03
1095,1096,8524,(株)北洋銀行,東証PRM,136080,2012-10-01,341.0,2023/03
1096,1097,3175,(株)エー・ピーホールディングス,東証STD,12575,2012-09-25,985.0,2023/03
1097,1098,9201,日本航空(株),東証PRM,1229248,2012-09-19,2812.0,2023/03
1098,1099,3665,(株)エニグモ,東証PRM,14456,2012-07-24,339.0,2023/01
1099,1100,9419,(株)ワイヤレスゲート,東証STD,2943,2012-07-19,273.0,2022/12
1100,1101,3664,(株)モブキャストホールディングス,東証GRT,2500,2012-06-26,56.0,2022/12
1101,1102,3174,(株)ハピネス・アンド・ディ,東証STD,2316,2012-06-22,897.0,2023/08
1102,1103,6063,日本エマージェンシーアシスタンス(株),東証STD,2134,2012-06-20,847.0,2023/12
1103,1104,3279,アクティビア・プロパティーズ投資法人,東証,320556,2012-06-13,397000.0,---
1104,1105,2930,(株)北の達人コーポレーション,東証PRM,31177,2012-05-29,221.0,2023/02
1105,1106,6062,(株)チャーム・ケア・コーポレーション,東証PRM,43834,2012-04-27,1340.0,2023/06
1106,1107,3278,ケネディクス・レジデンシャル・ネクスト投資法人,東証,225326,2012-04-26,210500.0,---
1107,1108,6061,(株)ユニバーサル園芸社,東証STD,18417,2012-04-26,3665.0,2023/06
1108,1109,6060,こころネット(株),東証STD,4120,2012-04-25,1072.0,2023/03
1109,1110,6059,(株)ウチヤマホールディングス,東証STD,8021,2012-04-20,371.0,2023/03
1110,1111,3662,(株)エイチーム,東証PRM,10924,2012-04-04,552.0,2023/07
1111,1112,3663,(株)セルシス,東証STD,27312,2012-04-02,753.0,2023/12
1112,1113,6058,(株)ベクトル,東証PRM,58149,2012-03-27,1207.0,2023/02
1113,1114,7157,ライフネット生命保険(株),東証GRT,108619,2012-03-15,1353.0,2023/03
1114,1115,3661,(株)エムアップホールディングス,東証PRM,35730,2012-03-14,979.0,2023/03
1115,1116,3173,(株)Ｃｏｍｉｎｉｘ,東証STD,5804,2012-03-09,845.0,2023/03
1116,1117,3660,(株)アイスタイル,東証PRM,33098,2012-03-08,416.0,2023/06
1117,1118,3172,ティーライフ(株),東証STD,5959,2012-03-06,1398.0,2023/07
1118,1119,3169,(株)ミサワ,東証STD,4488,2011-12-22,631.0,2023/01
1119,1120,9206,(株)スターフライヤー,東証STD,9369,2011-12-21,2670.0,2023/03
1120,1121,4583,(株)カイオム・バイオサイエンス,東証GRT,7317,2011-12-20,139.0,2022/12
1121,1122,4977,新田ゼラチン(株),東証STD,14332,2011-12-20,780.0,2023/03
1122,1123,6055,ジャパンマテリアル(株),東証PRM,267290,2011-12-19,2542.0,2023/03
1123,1124,6619,ダブル・スコープ(株),東証PRM,40370,2011-12-16,731.0,2022/12
1124,1125,3659,(株)ネクソン,東証PRM,2188221,2011-12-14,2552.0,2023/12
1125,1126,3277,(株)サンセイランディック,東証STD,9272,2011-12-13,1080.0,2022/12
1126,1127,6054,(株)リブセンス,東証STD,6871,2011-12-07,244.0,2022/12
1127,1128,1383,ベルグアース(株),東証STD,5435,2011-11-29,3375.0,2023/10
1128,1129,3444,(株)菊池製作所,東証STD,4380,2011-10-28,355.0,2023/04
1129,1130,3657,ポールトゥウィンホールディングス(株),東証PRM,19421,2011-10-26,509.0,2023/01
1130,1131,7777,(株)スリー・ディー・マトリックス,東証GRT,8491,2011-10-24,107.0,2023/04
1131,1132,3276,(株)ＪＰＭＣ,東証PRM,21898,2011-10-21,1151.0,2022/12
1132,1133,4582,シンバイオ製薬(株),東証GRT,8956,2011-10-20,206.0,2023/12
1133,1134,2117,ウェルネオシュガー(株),東証PRM,80763,2011-10-03,2304.0,2023/03
1134,1135,4581,大正製薬ホールディングス(株),東証STD,732201,2011-10-03,8600.0,2023/03
1135,1136,6620,宮越ホールディングス(株),東証PRM,41375,2011-10-03,1034.0,2023/03
1136,1137,6625,ＪＡＬＣＯホールディングス(株),東証STD,37497,2011-10-03,333.0,2023/03
1137,1138,7022,サノヤスホールディングス(株),東証STD,4865,2011-10-03,144.0,2023/03
1138,1139,7817,パラマウントベッドホールディングス(株),東証PRM,157228,2011-10-01,2546.0,2023/03
1139,1140,3656,ＫＬａｂ(株),東証PRM,14259,2011-09-27,347.0,2023/12
1140,1141,3655,(株)ブレインパッド,東証PRM,27943,2011-09-22,1253.0,2023/06
1141,1142,3653,(株)モルフォ,東証GRT,8939,2011-07-21,1651.0,2023/10
1142,1143,4579,ラクオリア創薬(株),東証GRT,13666,2011-07-20,632.0,2022/12
1143,1144,1909,日本ドライケミカル(株),東証STD,18895,2011-06-29,2631.0,2023/03
1144,1145,6626,ＳＥＭＩＴＥＣ(株),東証STD,20082,2011-06-29,1766.0,2023/03
1145,1146,2882,(株)イートアンドホールディングス,東証PRM,24273,2011-06-24,2142.0,2023/02
1146,1147,3275,ハウスコム(株),東証STD,7097,2011-06-23,911.0,2023/03
1147,1148,3652,(株)ディジタルメディアプロフェッショナル,東証GRT,8732,2011-06-23,2770.0,2023/03
1148,1149,3168,黒谷(株),東証STD,8688,2011-06-09,606.0,2023/08
1149,1150,3608,(株)ＴＳＩホールディングス,東証PRM,61040,2011-06-01,701.0,2023/02
1150,1151,3167,(株)ＴＯＫＡＩホールディングス,東証PRM,140518,2011-04-01,1006.0,2023/03
1151,1152,6249,(株)ゲームカード・ジョイコホールディングス,東証STD,33646,2011-04-01,2359.0,2023/03
1152,1153,3649,(株)ファインデックス,東証PRM,26423,2011-03-23,993.0,2022/12
1153,1154,4928,(株)ノエビアホールディングス,東証PRM,177614,2011-03-22,5200.0,2023/09
1154,1155,7150,(株)島根銀行,東証STD,4368,2011-03-15,519.0,2023/03
1155,1156,2229,カルビー(株),東証PRM,413709,2011-03-11,3089.0,2023/03
1156,1157,3648,ＡＧＳ(株),東証STD,15636,2011-03-11,889.0,2023/03
1157,1158,3646,(株)駅探,東証GRT,2070,2011-03-03,344.0,2023/03
1158,1159,3647,(株)ジー・スリーホールディングス,東証STD,2215,2011-03-01,124.0,2023/08
1159,1160,3645,(株)メディカルネット,東証GRT,4277,2010-12-21,397.0,2023/05
1160,1161,6627,(株)テラプローブ,東証STD,62007,2010-12-16,6680.0,2023/12
1161,1162,4578,大塚ホールディングス(株),東証PRM,2989441,2010-12-15,5359.0,2022/12
1162,1163,4927,(株)ポーラ・オルビスホールディングス,東証PRM,354130,2010-12-10,1545.5,2022/12
1163,1164,6050,イー・ガーディアン(株),東証PRM,16850,2010-12-01,1412.0,2023/09
1164,1165,7818,(株)トランザクション,東証PRM,73527,2010-10-12,2503.0,2023/08
1165,1166,1418,インターライフホールディングス(株),東証STD,4282,2010-10-05,214.0,2023/02
1166,1167,1417,(株)ミライト・ワン,東証PRM,199831,2010-10-01,1934.0,2023/03
1167,1168,3166,ＯＣＨＩホールディングス(株),東証STD,21832,2010-10-01,1604.0,2023/03
1168,1169,9413,(株)テレビ東京ホールディングス,東証PRM,85359,2010-10-01,3095.0,2023/03
1169,1170,7148,(株)ＦＰＧ,東証PRM,158462,2010-09-07,1779.0,2023/09
1170,1171,2198,アイ・ケイ・ケイホールディングス(株),東証PRM,21958,2010-07-23,733.0,2023/10
1171,1172,3271,(株)ＴＨＥグローバル社,東証STD,11577,2010-07-01,409.0,2023/06
1172,1173,3640,(株)電算,東証STD,8709,2010-06-24,1492.0,2023/03
1173,1174,3641,(株)パピレス,東証STD,9583,2010-06-23,928.0,2023/03
1174,1175,3639,(株)ボルテージ,東証STD,1746,2010-06-11,268.0,2023/06
1175,1176,3161,アゼアス(株),東証STD,4162,2010-04-16,684.0,2023/04
1176,1177,5020,ＥＮＥＯＳホールディングス(株),東証PRM,1896442,2010-04-01,625.3,2023/03
1177,1178,6629,テクノホライゾン(株),東証STD,10005,2010-04-01,475.0,2023/03
1178,1179,8600,トモニホールディングス(株),東証PRM,75865,2010-04-01,392.0,2023/03
1179,1180,8630,ＳＯＭＰＯホールディングス(株),東証PRM,2716892,2010-04-01,8229.0,2023/03
1180,1181,8750,第一生命ホールディングス(株),東証PRM,3161705,2010-04-01,3194.0,2023/03
1181,1182,4577,ダイト(株),東証PRM,31271,2010-03-24,1992.0,2023/05
1182,1183,8283,(株)ＰＡＬＴＡＣ,東証PRM,274615,2010-03-18,4321.0,2023/03
1183,1184,7776,(株)セルシード,東証GRT,7267,2010-03-16,231.0,2022/12
1184,1185,3160,(株)大光,東証STD,9391,2010-03-09,631.0,2023/05
1185,1186,2196,(株)エスクリ,東証STD,3778,2010-03-05,274.0,2023/03
1186,1187,8715,アニコム　ホールディングス(株),東証PRM,48054,2010-03-03,591.0,2023/03
1187,1188,3269,アドバンス・レジデンス投資法人,東証,456411,2010-03-02,318500.0,---
1188,1189,3159,丸善ＣＨＩホールディングス(株),東証STD,30265,2010-02-01,327.0,2023/01
1189,1190,2195,アミタホールディングス(株),東証GRT,10622,2010-01-04,605.0,2022/12
1190,1191,6630,ヤーマン(株),東証PRM,58524,2009-12-24,1003.0,2023/04
1191,1192,4576,(株)デ・ウエスタン・セラピテクス研究所,東証GRT,4177,2009-10-23,130.0,2023/12
1192,1193,2270,雪印メグミルク(株),東証PRM,156786,2009-10-01,2216.0,2023/03
1193,1194,3156,(株)レスターホールディングス,東証PRM,90819,2009-10-01,3020.0,2023/03
1194,1195,3157,ジオリーブグループ(株),東証STD,18269,2009-10-01,1327.0,2023/03
1195,1196,8713,フィデアホールディングス(株),東証PRM,28538,2009-10-01,1573.0,2023/03
1196,1197,8714,(株)池田泉州ホールディングス,東証PRM,96948,2009-10-01,345.0,2023/03
1197,1198,4575,(株)キャンバス,東証GRT,10814,2009-09-17,600.0,2023/06
1198,1199,3636,(株)三菱総合研究所,東証PRM,80232,2009-09-14,4885.0,2023/09
1199,1200,4926,(株)シーボン,東証STD,6392,2009-09-11,1493.0,2023/03
1200,1201,7819,粧美堂(株),東証STD,9897,2009-09-11,738.0,2023/09
1201,1202,2193,クックパッド(株),東証STD,14073,2009-07-17,131.0,2023/12
1202,1203,3154,メディアスホールディングス(株),東証PRM,15940,2009-07-01,727.0,2023/06
1203,1204,3153,八洲電機(株),東証PRM,28470,2009-06-25,1307.0,2023/03
1204,1205,3266,(株)ファンドクリエーショングループ,東証STD,3053,2009-05-01,81.0,2023/11
1205,1206,3634,(株)ソケッツ,東証STD,2755,2009-04-02,1112.0,2023/03
1206,1207,2269,明治ホールディングス(株),東証PRM,1003630,2009-04-01,3420.0,2023/03
1207,1208,3151,(株)バイタルケーエスケー・ホールディングス,東証PRM,63477,2009-04-01,1223.0,2023/03
1208,1209,3635,(株)コーエーテクモホールディングス,東証PRM,600101,2009-04-01,1785.5,2023/03
1209,1210,5857,ＡＲＥホールディングス(株),東証PRM,154635,2009-04-01,1940.0,2023/03
1210,1211,4574,大幸薬品(株),東証PRM,15182,2009-03-18,301.0,2023/12
1211,1212,7314,(株)小田原機器,東証STD,3414,2009-03-16,1085.0,2022/12
1212,1213,3150,(株)グリムス,東証PRM,49559,2009-03-13,2081.0,2023/03
1213,1214,7775,大研医器(株),東証STD,17003,2009-03-12,534.0,2023/03
1214,1215,3148,(株)クリエイトＳＤホールディングス,東証PRM,214490,2009-03-01,3210.0,2023/05
1215,1216,3443,川田テクノロジーズ(株),東証PRM,52901,2009-02-27,8940.0,2023/03
1216,1217,3633,ＧＭＯペパボ(株),東証STD,6480,2008-12-19,1185.0,2022/12
1217,1218,3632,グリー(株),東証PRM,96166,2008-12-17,535.0,2023/06
1218,1219,9385,(株)ショーエイコーポレーション,東証STD,4851,2008-12-16,618.0,2023/03
1219,1220,2186,ソーバル(株),東証STD,8151,2008-12-12,998.0,2023/02
1220,1221,6465,ホシザキ(株),東証PRM,821301,2008-12-10,5669.0,2022/12
1221,1222,2185,(株)シイエム・シイ,東証STD,17438,2008-12-04,1214.0,2023/09
1222,1223,6250,(株)やまびこ,東証PRM,70177,2008-12-01,1591.0,2022/12
1223,1224,3143,オーウイル(株),東証STD,4464,2008-11-07,1417.0,2023/03
1224,1225,5724,(株)アサカ理研,東証STD,5649,2008-11-06,1098.0,2023/09
1225,1226,9384,内外トランスライン(株),東証PRM,26125,2008-11-05,2442.0,2023/12
1226,1227,2183,(株)リニカル,東証STD,13063,2008-10-27,528.0,2023/03
1227,1228,1514,住石ホールディングス(株),東証STD,128269,2008-10-01,2178.0,2023/03
1228,1229,2181,パーソルホールディングス(株),東証PRM,567608,2008-10-01,243.4,2023/03
1229,1230,6632,(株)ＪＶＣケンウッド,東証PRM,116112,2008-10-01,708.0,2023/03
1230,1231,3628,(株)データホライゾン,東証GRT,10525,2008-09-19,828.0,2023/06
1231,1232,2180,(株)サニーサイドアップグループ,東証STD,9103,2008-09-05,599.0,2023/06
1232,1233,3141,ウエルシアホールディングス(株),東証PRM,547936,2008-09-01,2613.5,2023/02
1233,1234,2179,(株)成学社,東証STD,4713,2008-08-22,802.0,2023/03
1234,1235,3264,(株)アスコット,東証STD,16369,2008-08-05,126.0,2023/09
1235,1236,3140,ＢＲＵＮＯ(株),東証GRT,14673,2008-07-28,997.0,2023/06
1236,1237,3627,テクミラホールディングス(株),東証STD,5987,2008-05-23,480.0,2023/02
1237,1238,3099,(株)三越伊勢丹ホールディングス,東証PRM,808264,2008-04-01,2035.5,2023/03
1238,1239,3626,ＴＩＳ(株),東証PRM,829159,2008-04-01,3392.0,2023/03
1239,1240,8725,ＭＳ＆ＡＤインシュアランスグループホールディングス(株),東証PRM,3546648,2008-04-01,6616.0,2023/03
1240,1241,3260,(株)エスポア,名証NXT,1091,2008-03-27,640.0,2023/02
1241,1242,3625,テックファームホールディングス(株),東証GRT,3262,2008-03-27,434.0,2023/06
1242,1243,3097,(株)物語コーポレーション,東証PRM,172685,2008-03-26,4750.0,2023/06
1243,1244,4572,カルナバイオサイエンス(株),東証GRT,7684,2008-03-25,448.0,2023/12
1244,1245,3096,(株)オーシャンシステム,東証STD,11689,2008-03-19,1079.0,2023/03
1245,1246,3623,ビリングシステム(株),東証GRT,6105,2008-03-19,930.0,2022/12
1246,1247,3624,アクセルマーク(株),東証GRT,2843,2008-03-18,267.0,2023/09
1247,1248,2175,(株)エス・エム・エス,東証PRM,230156,2008-03-13,2628.5,2023/03
1248,1249,3622,ネットイヤーグループ(株),東証GRT,3597,2008-03-06,514.0,2023/03
1249,1250,4571,ＮＡＮＯ　ＭＲＮＡ(株),東証GRT,12741,2008-03-05,181.0,2023/03
1250,1251,2173,(株)博展,東証GRT,8440,2008-02-29,1047.0,2023/03
1251,1252,8410,(株)セブン銀行,東証PRM,348603,2008-02-29,295.6,2023/03
1252,1253,2172,(株)インサイト,札幌ア,607,2008-02-20,378.0,2023/06
1253,1254,3094,(株)スーパーバリュー,東証STD,13295,2008-02-15,1049.0,2023/02
1254,1255,4976,東洋ドライルーブ(株),東証STD,4079,2008-02-14,3010.0,2023/06
1255,1256,7820,ニホンフラッシュ(株),東証PRM,24033,2008-02-13,959.0,2023/03
1256,1257,1414,ショーボンドホールディングス(株),東証PRM,352331,2008-01-04,6209.0,2023/06
1257,1258,3442,(株)ＭＩＥコーポレーション,名証MN,1741,2008-01-04,1440.0,2023/03
1258,1259,3093,(株)トレジャー・ファクトリー,東証PRM,34793,2007-12-26,1429.0,2023/02
1259,1260,7774,(株)ジャパン・ティッシュエンジニアリング,東証GRT,19980,2007-12-21,492.0,2023/03
1260,1261,3254,(株)プレサンスコーポレーション,東証STD,117786,2007-12-20,1692.0,2023/09
1261,1262,6164,(株)太陽工機,東証STD,7964,2007-12-19,1337.0,2023/12
1262,1263,2169,ＣＤＳ(株),東証STD,11785,2007-12-18,1702.0,2022/12
1263,1264,2170,(株)リンクアンドモチベーション,東証PRM,65240,2007-12-17,577.0,2022/12
1264,1265,3092,(株)ＺＯＺＯ,東証PRM,1030326,2007-12-11,3429.0,2023/03
1265,1266,2168,(株)パソナグループ,東証PRM,118400,2007-12-03,2840.0,2023/05
1266,1267,3858,(株)ユビキタスＡＩ,東証STD,3828,2007-11-13,366.0,2023/03
1267,1268,3252,地主(株),東証PRM,42167,2007-11-08,2306.0,2022/12
1268,1269,3091,(株)ブロンコビリー,東証PRM,50590,2007-11-02,3355.0,2023/12
1269,1270,2164,(株)地域新聞社,東証GRT,805,2007-10-31,373.0,2023/08
1270,1271,2163,(株)アルトナー,東証PRM,23265,2007-10-26,2189.0,2023/01
1271,1272,2162,ｎｍｓホールディングス(株),東証STD,7391,2007-10-25,342.0,2023/03
1272,1273,3441,(株)山王,東証STD,4180,2007-10-25,836.0,2023/07
1273,1274,3249,産業ファンド投資法人,東証,281098,2007-10-18,133000.0,---
1274,1275,3248,(株)アールエイジ,東証STD,2583,2007-10-15,812.0,2023/10
1275,1276,3089,テクノアルファ(株),東証STD,2506,2007-10-10,1082.0,2023/11
1276,1277,6254,野村マイクロ・サイエンス(株),東証PRM,144768,2007-10-05,14260.0,2023/03
1277,1278,3087,(株)ドトール・日レスホールディングス,東証PRM,97331,2007-10-01,2134.0,2023/02
1278,1279,3088,(株)マツキヨココカラ＆カンパニー,東証PRM,1155671,2007-10-01,2694.5,2023/03
1279,1280,3857,(株)ラック,東証STD,22688,2007-10-01,725.0,2023/03
1280,1281,3856,Ａｂａｌａｎｃｅ(株),東証STD,51640,2007-09-19,2955.0,2023/06
1281,1282,4243,(株)ニックス,東証STD,1872,2007-09-18,806.0,2023/09
1282,1283,3086,Ｊ．フロント　リテイリング(株),東証PRM,416401,2007-09-03,1539.0,2023/02
1283,1284,2160,(株)ジーエヌアイグループ,東証GRT,128781,2007-08-31,2583.0,2022/12
1284,1285,3440,日創プロニティ(株),東証STD,6684,2007-08-08,983.0,2023/08
1285,1286,3083,(株)シーズメン,東証STD,1439,2007-08-07,499.0,2023/02
1286,1287,7821,前田工繊(株),東証PRM,102265,2007-08-06,3170.0,2023/06
1287,1288,4369,(株)トリケミカル研究所,東証PRM,127882,2007-08-03,3935.0,2023/01
1288,1289,3245,(株)ディア・ライフ,東証PRM,43550,2007-08-02,970.0,2023/09
1289,1290,3246,(株)コーセーアールイー,東証STD,9331,2007-08-02,900.0,2023/01
1290,1291,3244,サムティ(株),東証PRM,116181,2007-07-31,2494.0,2023/11
1291,1292,3439,(株)三ツ知,東証STD,4270,2007-07-25,805.0,2023/06
1292,1293,3082,(株)きちりホールディングス,東証STD,10804,2007-07-06,1024.0,2023/06
1293,1294,6633,(株)Ｃ＆Ｇシステムズ,東証STD,3087,2007-07-02,315.0,2022/12
1294,1295,3854,(株)アイル,東証PRM,81513,2007-06-29,3255.0,2023/07
1295,1296,6255,(株)エヌ・ピー・シー,東証GRT,15062,2007-06-29,683.0,2023/08
1296,1297,2157,(株)コシダカホールディングス,東証PRM,77280,2007-06-27,939.0,2023/08
1297,1298,2158,(株)ＦＲＯＮＴＥＯ,東証GRT,25542,2007-06-26,649.0,2023/03
1298,1299,3853,アステリア(株),東証PRM,11299,2007-06-22,646.0,2023/03
1299,1300,6634,(株)ネクスグループ,東証STD,3604,2007-06-22,132.0,2023/11
